,Hour Time,Temperature,Humidity,Weekday,Vector,Code
0,22,-0.6,54.0,0,"28, 7, 19, 0, 115, 39, 14, 29, 8, 18, 34, 2, 1",2
1,23,-1.3,69.0,0,"27, 4, 14, 0, 54, 23, 4, 18, 2, 16, 19, 0, 0",2
2,0,-2.1,73.0,1,"5, 4, 8, 0, 30, 15, 1, 13, 0, 4, 16, 0, 0",2
3,1,-2.5,75.0,1,"4, 1, 10, 0, 15, 11, 0, 4, 0, 6, 10, 0, 0",2
4,2,-2.5,77.0,1,"5, 0, 1, 0, 13, 4, 0, 4, 0, 4, 8, 0, 0",2
5,3,-2.5,76.0,1,"1, 0, 0, 0, 5, 5, 0, 4, 0, 1, 1, 0, 0",2
6,4,-2.7,78.0,1,"0, 0, 0, 0, 6, 0, 0, 4, 0, 0, 7, 0, 0",2
7,5,-3.9,82.0,1,"1, 0, 0, 0, 3, 0, 0, 1, 0, 1, 0, 0, 0",2
8,6,-4.2,80.0,1,"1, 0, 0, 0, 2, 0, 0, 5, 0, 4, 5, 0, 0",2
9,7,-4.8,77.0,1,"1, 0, 0, 0, 0, 0, 0, 2, 0, 0, 9, 0, 0",2
10,19,-4.2,60.0,2,"11, 1, 21, 0, 60, 17, 7, 37, 4, 17, 16, 2, 0",2
11,20,-5.5,87.0,2,"0, 0, 5, 0, 10, 9, 2, 9, 2, 2, 3, 0, 0",2
12,14,-0.7,65.0,1,"49, 4, 8, 0, 30, 38, 18, 25, 2, 25, 39, 2, 5",2
13,15,-0.8,74.0,1,"13, 0, 8, 0, 14, 21, 11, 18, 0, 13, 18, 2, 2",2
14,16,-1.5,88.0,1,"2, 0, 6, 0, 6, 1, 5, 4, 0, 3, 3, 0, 0",2
15,17,-1.1,91.0,1,"1, 0, 9, 0, 8, 2, 3, 4, 0, 2, 3, 0, 0",2
16,8,-2.9,93.0,2,"1, 0, 0, 0, 0, 0, 0, 5, 0, 0, 3, 0, 0",0
17,9,-2.1,94.0,2,"6, 0, 0, 0, 0, 0, 0, 7, 0, 0, 7, 0, 0",0
18,10,-0.6,91.0,2,"23, 0, 0, 0, 6, 3, 1, 16, 0, 13, 13, 0, 3",0
19,11,1.4,84.0,2,"64, 3, 9, 0, 17, 26, 12, 78, 1, 70, 46, 2, 19",0
20,12,2.9,77.0,2,"57, 5, 9, 0, 34, 35, 13, 70, 0, 48, 47, 3, 13",0
21,13,4.4,75.0,2,"71, 3, 13, 0, 44, 35, 10, 45, 1, 28, 54, 4, 11",0
22,14,7.3,66.0,2,"44, 10, 6, 0, 38, 38, 14, 28, 2, 14, 51, 6, 7",0
23,15,8.2,65.0,2,"34, 5, 11, 0, 48, 37, 12, 27, 1, 15, 55, 3, 6",0
24,16,8.0,69.0,2,"73, 8, 16, 0, 88, 35, 15, 35, 2, 14, 44, 2, 7",0
25,17,7.3,73.0,2,"81, 19, 52, 0, 195, 33, 30, 68, 4, 45, 52, 1, 10",0
26,18,6.9,77.0,2,"127, 29, 79, 0, 331, 50, 60, 97, 19, 73, 61, 5, 14",0
27,19,5.8,80.0,2,"118, 22, 87, 0, 290, 50, 51, 86, 21, 53, 60, 11, 12",0
28,20,5.1,82.0,2,"75, 16, 41, 0, 230, 64, 27, 55, 6, 41, 31, 1, 5",0
29,21,3.9,78.0,2,"67, 21, 26, 0, 176, 45, 35, 51, 13, 16, 29, 2, 2",0
30,22,2.8,73.0,2,"32, 11, 23, 0, 158, 21, 19, 22, 5, 15, 25, 2, 0",0
31,23,1.9,67.0,2,"6, 10, 5, 0, 41, 5, 14, 16, 1, 3, 21, 2, 0",0
32,0,0.9,63.0,3,"3, 4, 0, 0, 25, 5, 2, 4, 4, 5, 12, 0, 0",0
33,1,0.3,60.0,3,"2, 6, 1, 0, 11, 4, 0, 5, 3, 3, 3, 0, 0",0
34,2,-0.6,56.0,3,"0, 3, 1, 0, 0, 0, 0, 2, 0, 2, 10, 0, 0",0
35,3,-1.2,57.0,3,"0, 3, 0, 0, 0, 2, 0, 1, 0, 1, 7, 0, 0",0
36,4,-2.1,63.0,3,"0, 5, 0, 0, 2, 0, 0, 4, 0, 0, 6, 0, 0",0
37,5,-2.4,63.0,3,"0, 0, 0, 0, 0, 0, 0, 0, 0, 2, 10, 0, 0",0
38,6,-2.8,63.0,3,"2, 0, 0, 0, 0, 0, 0, 0, 0, 1, 5, 0, 0",0
39,7,-3.1,67.0,3,"0, 0, 0, 0, 1, 0, 0, 3, 0, 2, 5, 0, 0",0
40,8,-3.4,70.0,3,"0, 0, 0, 0, 0, 0, 0, 7, 0, 1, 8, 0, 0",0
41,13,9.8,80.0,4,"49, 2, 14, 0, 34, 37, 10, 41, 2, 29, 43, 6, 5",1
42,14,9.8,82.0,4,"34, 1, 15, 0, 35, 48, 11, 34, 1, 15, 45, 5, 7",1
43,16,7.7,76.0,4,"51, 6, 26, 0, 59, 45, 11, 32, 12, 26, 39, 6, 6",0
44,17,6.7,79.0,4,"94, 24, 82, 0, 180, 52, 20, 67, 15, 46, 38, 9, 14",0
45,18,5.3,81.0,4,"163, 37, 132, 0, 323, 62, 46, 103, 41, 62, 62, 15, 18",0
46,19,4.0,81.0,4,"145, 41, 105, 0, 350, 72, 61, 101, 33, 66, 65, 12, 16",0
47,20,3.1,81.0,4,"97, 33, 66, 0, 299, 85, 24, 85, 30, 41, 45, 4, 9",0
48,21,1.5,76.0,4,"87, 20, 63, 0, 250, 87, 44, 63, 16, 25, 33, 1, 5",0
49,1,-1.7,74.0,5,"2, 4, 4, 0, 18, 12, 0, 6, 2, 6, 10, 0, 0",0
50,2,-2.4,75.0,5,"2, 3, 1, 0, 3, 10, 0, 5, 0, 1, 11, 0, 0",0
51,3,-3.1,76.0,5,"1, 0, 0, 0, 3, 4, 0, 5, 0, 0, 7, 0, 0",0
52,4,-4.0,76.0,5,"1, 5, 0, 0, 4, 1, 0, 3, 0, 0, 9, 0, 0",0
53,5,-4.7,77.0,5,"0, 0, 0, 0, 2, 0, 0, 2, 0, 0, 8, 0, 0",0
54,6,-5.4,78.0,5,"0, 0, 0, 0, 0, 0, 0, 3, 0, 2, 8, 0, 0",0
55,7,-6.0,72.0,5,"0, 0, 0, 0, 1, 0, 0, 2, 0, 0, 8, 0, 0",0
56,16,-1.8,44.0,6,"88, 7, 48, 0, 139, 90, 26, 64, 10, 39, 50, 4, 7",2
57,17,-2.2,53.0,6,"115, 25, 111, 0, 274, 96, 41, 116, 26, 50, 61, 11, 15",2
58,20,-2.8,67.0,6,"73, 16, 33, 0, 160, 69, 28, 56, 8, 28, 44, 6, 7",2
59,21,-2.8,74.0,6,"7, 3, 6, 0, 27, 0, 5, 10, 7, 5, 1, 0, 0",2
60,22,-3.0,84.0,6,"4, 1, 8, 0, 24, 0, 2, 10, 1, 1, 0, 0, 0",2
61,23,-3.0,86.0,6,"1, 1, 1, 0, 18, 0, 0, 10, 2, 0, 0, 0, 0",2
62,0,-3.0,84.0,0,"0, 0, 1, 0, 15, 0, 0, 6, 2, 0, 0, 0, 0",2
63,10,-2.3,88.0,0,"12, 0, 2, 0, 7, 10, 0, 27, 0, 10, 34, 3, 0",2
64,11,-1.5,90.0,0,"51, 3, 7, 0, 8, 17, 10, 46, 0, 37, 76, 7, 4",2
65,12,-0.6,88.0,0,"60, 0, 4, 0, 29, 25, 12, 27, 0, 41, 72, 9, 5",2
66,13,-0.2,80.0,0,"57, 2, 15, 0, 44, 29, 5, 37, 3, 25, 34, 9, 3",2
67,14,-0.3,75.0,0,"28, 1, 14, 0, 27, 37, 12, 17, 2, 17, 36, 7, 4",2
68,15,-0.4,56.0,0,"38, 3, 13, 0, 22, 16, 9, 20, 2, 23, 32, 2, 3",2
69,14,6.9,45.0,3,"39, 9, 8, 0, 46, 28, 12, 23, 0, 24, 34, 5, 4",1
70,15,6.1,67.0,3,"33, 3, 12, 0, 44, 36, 6, 20, 3, 13, 30, 1, 6",1
71,16,5.3,79.0,3,"51, 7, 22, 0, 78, 35, 11, 33, 6, 28, 26, 2, 4",1
72,17,4.8,87.0,3,"86, 12, 56, 0, 170, 50, 27, 51, 5, 41, 42, 5, 9",1
73,18,4.6,91.0,3,"117, 24, 91, 0, 225, 37, 48, 112, 12, 68, 51, 14, 9",1
74,19,4.6,93.0,3,"126, 28, 106, 0, 237, 80, 43, 100, 18, 58, 52, 7, 8",1
75,20,4.6,94.0,3,"94, 14, 58, 0, 213, 82, 37, 57, 10, 46, 33, 3, 8",1
76,21,4.8,95.0,3,"63, 12, 42, 0, 185, 82, 24, 43, 12, 29, 32, 1, 8",1
77,22,4.9,96.0,3,"36, 16, 20, 0, 119, 58, 18, 23, 11, 12, 22, 0, 10",1
78,23,4.8,95.0,3,"7, 8, 19, 0, 60, 9, 9, 13, 1, 17, 24, 0, 1",1
79,0,4.9,96.0,4,"5, 1, 9, 0, 32, 9, 2, 4, 2, 5, 2, 0, 0",1
80,1,5.0,95.0,4,"7, 3, 4, 0, 20, 7, 0, 4, 3, 4, 9, 0, 0",1
81,2,5.0,95.0,4,"2, 1, 4, 0, 6, 9, 0, 1, 0, 2, 6, 0, 0",0
82,3,5.0,93.0,4,"2, 4, 0, 0, 4, 1, 0, 0, 0, 1, 2, 0, 0",0
83,4,4.9,94.0,4,"2, 4, 1, 0, 1, 2, 0, 3, 0, 0, 1, 0, 0",1
84,5,5.1,95.0,4,"0, 0, 0, 0, 0, 0, 0, 4, 0, 1, 5, 0, 0",1
85,6,5.0,95.0,4,"5, 0, 0, 0, 1, 0, 0, 1, 0, 3, 6, 0, 0",0
86,7,5.0,96.0,4,"0, 0, 0, 0, 0, 0, 0, 3, 0, 1, 2, 0, 0",0
87,8,4.9,96.0,4,"3, 0, 0, 0, 0, 0, 0, 1, 0, 3, 1, 0, 0",0
88,9,5.0,97.0,4,"0, 0, 0, 0, 0, 1, 0, 9, 0, 8, 7, 0, 0",0
89,10,5.400000000000001,97.0,4,"18, 0, 3, 0, 4, 19, 1, 35, 0, 11, 15, 0, 4",0
90,11,5.8,96.0,4,"78, 3, 11, 0, 20, 29, 14, 78, 2, 43, 65, 6, 5",0
91,12,6.0,93.0,4,"68, 7, 8, 0, 43, 45, 12, 51, 4, 43, 61, 9, 6",0
92,13,6.4,92.0,4,"53, 3, 9, 0, 36, 40, 7, 39, 2, 43, 42, 3, 5",0
93,14,6.6,91.0,4,"30, 5, 9, 0, 32, 36, 5, 21, 1, 28, 36, 7, 4",0
94,15,6.5,91.0,4,"36, 6, 12, 0, 21, 52, 14, 16, 2, 24, 23, 3, 1",0
95,16,6.4,90.0,4,"51, 6, 20, 0, 59, 40, 13, 24, 6, 28, 25, 4, 7",0
96,17,6.3,90.0,4,"83, 19, 56, 0, 164, 42, 15, 42, 21, 41, 40, 10, 6",0
97,18,5.9,91.0,4,"137, 43, 106, 0, 283, 66, 45, 81, 23, 69, 51, 12, 11",0
98,19,5.6,91.0,4,"128, 52, 119, 0, 316, 66, 38, 84, 21, 68, 49, 14, 10",0
99,20,5.5,91.0,4,"92, 49, 94, 0, 275, 92, 16, 54, 18, 49, 30, 9, 18",0
100,21,5.5,91.0,4,"90, 33, 80, 0, 248, 111, 29, 64, 17, 26, 39, 2, 6",0
101,22,5.2,91.0,4,"54, 23, 42, 0, 191, 100, 26, 35, 14, 15, 27, 1, 9",0
102,23,5.1,92.0,4,"20, 18, 16, 0, 100, 29, 16, 15, 7, 23, 19, 0, 3",0
103,0,4.9,92.0,5,"15, 9, 7, 0, 48, 12, 6, 5, 5, 9, 9, 0, 2",0
104,1,5.3,92.0,5,"5, 7, 4, 0, 19, 9, 0, 5, 2, 5, 5, 0, 0",0
105,9,5.9,73.0,1,"1, 0, 0, 0, 0, 2, 0, 4, 0, 1, 8, 0, 2",1
106,10,5.9,82.0,1,"18, 1, 4, 0, 0, 20, 0, 15, 0, 11, 30, 1, 1",1
107,11,6.0,86.0,1,"86, 7, 10, 0, 8, 31, 17, 72, 1, 39, 75, 15, 5",1
108,12,6.1,88.0,1,"63, 11, 16, 0, 24, 30, 13, 47, 4, 52, 71, 22, 4",1
109,13,6.5,86.0,1,"46, 8, 6, 0, 36, 32, 15, 40, 2, 30, 49, 8, 6",1
110,14,7.0,84.0,1,"26, 6, 9, 0, 40, 28, 13, 25, 0, 26, 36, 6, 2",0
111,15,6.9,86.0,1,"22, 3, 7, 0, 42, 35, 11, 16, 0, 16, 46, 3, 3",1
112,16,6.4,92.0,1,"41, 8, 27, 0, 59, 44, 12, 28, 2, 19, 35, 4, 6",1
113,17,5.4,95.0,1,"57, 10, 32, 0, 161, 36, 20, 44, 11, 39, 52, 7, 11",1
114,18,5.2,94.0,1,"99, 21, 85, 0, 247, 39, 34, 88, 9, 43, 70, 13, 9",1
115,19,4.7,88.0,1,"91, 39, 74, 0, 257, 39, 37, 72, 6, 55, 56, 13, 11",0
116,1,1.4,85.0,2,"2, 3, 4, 0, 20, 6, 0, 5, 0, 1, 7, 0, 3",0
117,2,1.0,81.0,2,"1, 0, 0, 0, 0, 7, 0, 1, 0, 2, 8, 0, 0",0
118,10,0.5,81.0,3,"2, 0, 0, 0, 1, 4, 1, 7, 0, 1, 5, 1, 0",2
119,11,0.3,93.0,3,"8, 0, 0, 0, 0, 0, 9, 23, 1, 4, 10, 1, 0",2
120,12,0.8,82.0,3,"39, 3, 1, 0, 17, 7, 6, 49, 0, 37, 36, 3, 7",0
121,4,-6.099999999999999,51.0,5,"0, 0, 1, 0, 4, 2, 0, 4, 0, 0, 6, 0, 0",2
122,5,-5.9,51.0,5,"0, 0, 0, 0, 1, 0, 0, 3, 0, 4, 10, 0, 0",2
123,6,-5.7,53.0,5,"0, 0, 0, 0, 2, 0, 0, 1, 0, 3, 6, 0, 0",2
124,8,-5.4,58.0,5,"0, 0, 0, 0, 1, 0, 0, 6, 0, 4, 9, 0, 0",2
125,9,-5.6,72.0,5,"0, 0, 1, 0, 0, 1, 0, 5, 0, 7, 6, 0, 2",2
126,10,-4.7,80.0,5,"27, 0, 8, 0, 0, 17, 2, 9, 0, 5, 29, 2, 1",2
127,11,-3.4,79.0,5,"60, 7, 16, 0, 18, 43, 23, 58, 3, 30, 54, 9, 11",2
128,3,5.7,78.0,0,"1, 0, 1, 0, 0, 2, 0, 4, 0, 0, 10, 0, 2",1
129,9,6.7,94.0,0,"2, 0, 0, 0, 0, 3, 0, 0, 0, 0, 9, 0, 0",0
130,10,7.1,91.0,0,"9, 1, 1, 0, 0, 19, 0, 15, 0, 4, 11, 0, 0",0
131,11,7.6,87.0,0,"55, 0, 11, 0, 10, 32, 6, 62, 5, 30, 45, 2, 6",0
132,12,8.5,82.0,0,"55, 1, 8, 0, 20, 31, 10, 45, 1, 35, 62, 9, 9",0
133,13,9.2,75.0,0,"47, 2, 8, 0, 31, 36, 6, 33, 1, 29, 48, 5, 4",0
134,14,9.2,72.0,0,"35, 3, 7, 0, 30, 35, 17, 21, 0, 11, 33, 5, 5",0
135,15,7.7,77.0,0,"25, 1, 13, 0, 27, 49, 8, 18, 1, 16, 35, 2, 2",0
136,16,6.9,83.0,0,"28, 8, 18, 0, 46, 44, 9, 25, 1, 22, 27, 2, 4",0
137,17,6.7,81.0,0,"58, 6, 30, 0, 77, 45, 20, 47, 8, 40, 41, 6, 4",0
138,18,5.8,80.0,0,"93, 19, 69, 0, 173, 48, 32, 73, 12, 50, 70, 11, 6",0
139,19,5.2,86.0,0,"103, 16, 72, 0, 179, 71, 27, 77, 7, 41, 54, 14, 6",0
140,20,3.8,53.0,0,"67, 15, 47, 0, 154, 71, 11, 38, 8, 35, 45, 1, 2",0
141,19,-4.4,55.0,1,"116, 17, 81, 0, 210, 69, 38, 69, 11, 39, 50, 12, 10",2
142,20,-4.5,58.0,1,"76, 26, 49, 0, 149, 66, 22, 46, 11, 30, 39, 4, 5",2
143,21,-5.299999999999999,58.0,1,"57, 14, 36, 0, 119, 68, 27, 45, 5, 25, 28, 0, 16",2
144,22,-6.0,75.0,1,"57, 7, 29, 0, 78, 57, 15, 21, 6, 14, 35, 2, 7",2
145,23,-6.9,62.0,1,"21, 4, 12, 0, 37, 16, 6, 19, 4, 13, 12, 1, 6",2
146,17,0.7,66.0,2,"85, 12, 38, 0, 145, 45, 19, 43, 9, 34, 40, 8, 14",2
147,18,0.3,70.0,2,"103, 18, 73, 0, 236, 16, 46, 78, 8, 48, 67, 5, 6",2
148,19,-0.1,74.0,2,"108, 19, 76, 0, 215, 41, 41, 76, 9, 49, 60, 10, 8",2
149,20,0.2,71.0,2,"68, 7, 56, 0, 180, 36, 32, 59, 10, 28, 38, 6, 4",2
150,21,0.2,76.0,2,"6, 2, 6, 0, 22, 3, 4, 7, 1, 2, 1, 0, 0",2
151,12,7.7,80.0,5,"93, 0, 31, 0, 52, 46, 22, 62, 1, 41, 69, 10, 14",0
152,13,8.5,78.0,5,"48, 1, 20, 0, 64, 64, 25, 41, 4, 37, 67, 8, 6",0
153,14,9.4,74.0,5,"63, 4, 28, 0, 63, 69, 21, 41, 2, 30, 50, 7, 7",0
154,15,9.4,75.0,5,"50, 6, 25, 0, 59, 88, 17, 35, 4, 31, 43, 3, 3",0
155,16,8.9,78.0,5,"60, 3, 37, 0, 100, 60, 17, 43, 9, 27, 41, 6, 7",0
156,17,8.5,81.0,5,"105, 18, 96, 0, 201, 77, 52, 76, 17, 38, 48, 11, 6",0
157,18,7.8,81.0,5,"125, 27, 117, 0, 322, 78, 44, 93, 22, 46, 72, 23, 9",0
158,19,7.7,83.0,5,"116, 18, 97, 0, 239, 123, 39, 85, 17, 44, 57, 14, 8",0
159,20,7.8,83.0,5,"81, 24, 81, 0, 186, 158, 23, 48, 16, 52, 42, 5, 11",0
160,21,7.8,83.0,5,"93, 23, 59, 0, 172, 148, 35, 54, 8, 25, 43, 1, 11",0
161,22,7.7,87.0,5,"64, 12, 38, 0, 136, 82, 21, 20, 9, 24, 38, 5, 7",0
162,23,7.6,88.0,5,"24, 15, 9, 0, 71, 19, 14, 8, 2, 12, 25, 0, 8",0
163,0,7.3,88.0,6,"7, 9, 11, 0, 30, 10, 3, 4, 2, 2, 9, 1, 3",0
164,1,7.1,89.0,6,"5, 6, 4, 0, 10, 7, 0, 2, 2, 3, 13, 0, 0",0
165,2,6.3,90.0,6,"0, 0, 2, 0, 1, 6, 0, 2, 0, 1, 9, 0, 0",0
166,3,5.9,90.0,6,"0, 0, 0, 0, 0, 3, 0, 4, 0, 0, 13, 0, 0",0
167,4,5.599999999999999,89.0,6,"0, 0, 0, 0, 0, 0, 0, 2, 0, 0, 11, 0, 0",0
168,5,5.1,91.0,6,"0, 0, 0, 0, 0, 0, 0, 1, 0, 0, 7, 0, 0",0
169,6,4.6,93.0,6,"0, 0, 0, 0, 0, 0, 0, 2, 0, 0, 3, 0, 0",0
170,7,4.5,92.0,6,"1, 0, 0, 0, 0, 0, 0, 3, 0, 0, 4, 0, 0",0
171,8,3.6,95.0,6,"3, 0, 0, 0, 0, 0, 0, 1, 0, 0, 11, 0, 0",0
172,9,3.5,95.0,6,"2, 0, 1, 0, 0, 0, 0, 5, 0, 0, 19, 0, 0",0
173,10,3.7999999999999994,93.0,6,"24, 0, 6, 0, 2, 28, 3, 29, 0, 8, 47, 0, 3",0
174,11,4.6,86.0,6,"67, 3, 11, 0, 22, 50, 36, 57, 2, 31, 67, 10, 4",0
175,12,5.2,79.0,6,"102, 5, 18, 0, 55, 85, 37, 86, 6, 41, 87, 11, 11",0
176,13,5.5,67.0,6,"63, 7, 31, 0, 66, 100, 27, 53, 2, 35, 65, 14, 2",0
177,14,6.8,50.0,6,"56, 7, 26, 0, 47, 88, 34, 36, 5, 17, 49, 9, 4",0
178,0,4.5,85.0,3,"5, 7, 19, 0, 22, 11, 0, 6, 6, 7, 9, 1, 1",0
179,1,4.5,85.0,3,"0, 3, 8, 0, 11, 6, 0, 4, 2, 3, 7, 1, 2",0
180,2,4.4,81.0,3,"1, 0, 3, 0, 2, 5, 0, 5, 0, 0, 12, 0, 0",0
181,3,3.4,81.0,3,"0, 0, 2, 0, 0, 5, 0, 1, 0, 0, 8, 0, 0",0
182,4,2.4,85.0,3,"0, 0, 3, 0, 0, 0, 0, 4, 0, 0, 7, 0, 0",0
183,5,2.0,87.0,3,"0, 0, 0, 0, 0, 0, 0, 3, 0, 0, 5, 0, 0",0
184,6,1.5,88.0,3,"0, 0, 0, 0, 0, 0, 0, 1, 0, 0, 10, 0, 0",0
185,7,1.8,92.0,3,"1, 0, 0, 0, 0, 0, 0, 1, 0, 0, 5, 0, 0",0
186,8,2.4,91.0,3,"0, 0, 0, 0, 0, 0, 0, 3, 0, 0, 3, 0, 0",0
187,9,3.0,89.0,3,"1, 0, 1, 0, 0, 2, 0, 4, 0, 0, 18, 0, 0",0
188,10,3.8999999999999995,85.0,3,"16, 0, 7, 0, 1, 23, 2, 18, 2, 6, 45, 0, 6",0
189,11,5.8,74.0,3,"38, 1, 13, 0, 16, 20, 16, 52, 5, 23, 54, 3, 2",0
190,12,7.3,66.0,3,"55, 2, 21, 0, 25, 45, 12, 66, 1, 41, 60, 12, 14",0
191,13,8.7,59.0,3,"54, 1, 13, 0, 29, 43, 12, 34, 3, 33, 52, 4, 11",0
192,14,10.0,54.0,3,"41, 3, 10, 0, 32, 46, 18, 25, 6, 21, 52, 2, 3",0
193,15,10.3,51.0,3,"40, 7, 12, 0, 51, 48, 13, 29, 4, 19, 37, 3, 20",0
194,18,8.9,55.0,3,"77, 9, 66, 0, 143, 45, 30, 60, 18, 26, 42, 8, 10",0
195,19,7.5,60.0,3,"76, 18, 70, 0, 148, 59, 28, 37, 25, 24, 46, 5, 18",0
196,20,6.5,64.0,3,"66, 13, 42, 0, 109, 42, 14, 40, 10, 21, 41, 0, 6",0
197,21,5.700000000000001,68.0,3,"54, 15, 27, 0, 126, 48, 16, 37, 16, 13, 28, 0, 1",0
198,22,5.0,71.0,3,"50, 14, 25, 0, 107, 36, 18, 23, 5, 10, 19, 2, 4",0
199,23,4.4,72.0,3,"13, 6, 11, 0, 47, 19, 5, 9, 8, 14, 10, 1, 4",0
200,0,3.8,74.0,4,"3, 9, 8, 0, 24, 4, 2, 0, 2, 2, 7, 0, 0",0
201,1,3.1,76.0,4,"0, 3, 4, 0, 13, 0, 0, 0, 2, 1, 0, 0, 0",0
202,2,2.9,77.0,4,"0, 0, 1, 0, 6, 0, 0, 0, 0, 0, 0, 0, 0",0
203,9,1.7,83.0,4,"0, 0, 0, 0, 0, 2, 0, 1, 0, 0, 0, 0, 0",0
204,10,4.5,72.0,4,"0, 0, 0, 0, 3, 10, 0, 2, 1, 0, 7, 0, 0",0
205,11,7.4,60.0,4,"4, 0, 0, 0, 0, 17, 0, 6, 1, 7, 40, 1, 1",0
206,12,10.1,51.0,4,"14, 1, 1, 0, 13, 34, 0, 11, 6, 10, 40, 1, 0",0
207,13,12.4,41.0,4,"11, 2, 5, 0, 14, 31, 0, 6, 3, 4, 33, 6, 0",0
208,19,9.2,54.0,4,"34, 17, 52, 0, 145, 81, 29, 42, 16, 38, 51, 10, 5",0
209,20,8.0,57.0,4,"24, 18, 27, 0, 124, 81, 19, 32, 13, 18, 37, 4, 4",0
210,21,7.299999999999999,56.0,4,"24, 18, 34, 0, 120, 68, 14, 22, 12, 11, 44, 3, 7",0
211,22,6.3,60.0,4,"16, 13, 13, 0, 72, 36, 4, 18, 10, 9, 28, 3, 0",0
212,23,5.5,61.0,4,"4, 8, 4, 0, 26, 15, 0, 5, 2, 21, 19, 0, 0",0
213,0,4.5,62.0,5,"3, 8, 0, 0, 7, 0, 1, 8, 0, 1, 18, 0, 0",0
214,1,4.1,63.0,5,"0, 7, 0, 0, 4, 1, 0, 4, 0, 1, 11, 0, 0",0
215,2,3.6,63.0,5,"0, 2, 0, 0, 1, 0, 0, 2, 0, 0, 8, 0, 0",0
216,4,2.8,67.0,5,"0, 0, 0, 0, 0, 0, 0, 2, 0, 0, 7, 0, 0",0
217,5,2.2,66.0,5,"0, 0, 0, 0, 0, 0, 0, 0, 0, 0, 10, 0, 0",0
218,6,1.9,70.0,5,"0, 0, 0, 0, 0, 0, 0, 0, 0, 0, 7, 0, 0",0
219,7,1.5,71.0,5,"0, 0, 0, 0, 0, 0, 0, 0, 0, 0, 1, 0, 0",0
220,8,1.0,72.0,5,"0, 0, 0, 0, 0, 0, 0, 0, 0, 0, 2, 0, 0",0
221,9,2.1,73.0,5,"0, 0, 0, 0, 0, 2, 0, 1, 0, 0, 20, 0, 0",0
222,10,5.3,61.0,5,"19, 0, 1, 0, 1, 23, 1, 19, 0, 5, 41, 0, 0",0
223,11,8.3,50.0,5,"54, 0, 8, 0, 8, 35, 20, 40, 2, 29, 45, 6, 6",0
224,12,11.0,43.0,5,"76, 0, 14, 0, 30, 62, 24, 41, 5, 28, 63, 6, 5",0
225,13,12.8,34.0,5,"66, 7, 13, 0, 47, 77, 24, 36, 5, 24, 42, 5, 5",0
226,6,6.7,51.0,6,"0, 0, 0, 0, 0, 0, 0, 1, 0, 0, 3, 0, 0",1
227,17,12.7,39.0,6,"157, 18, 84, 0, 188, 111, 43, 79, 23, 61, 55, 5, 10",0
228,18,11.4,45.0,6,"170, 16, 106, 0, 254, 90, 78, 77, 13, 65, 43, 13, 17",0
229,19,10.3,48.0,6,"111, 22, 56, 0, 204, 101, 46, 76, 17, 59, 44, 7, 5",0
230,20,9.6,51.0,6,"60, 11, 37, 0, 158, 124, 19, 34, 13, 43, 33, 3, 9",0
231,21,8.6,54.0,6,"68, 13, 48, 0, 149, 108, 34, 39, 6, 20, 45, 4, 5",0
232,22,7.6,56.0,6,"58, 7, 34, 0, 69, 46, 8, 17, 4, 21, 30, 0, 5",0
233,23,8.5,57.0,6,"18, 8, 12, 0, 64, 9, 5, 12, 3, 7, 14, 1, 3",0
234,0,8.2,60.0,0,"2, 4, 4, 0, 17, 3, 2, 9, 1, 5, 15, 0, 3",0
235,1,7.7,60.0,0,"0, 0, 7, 0, 10, 2, 0, 4, 1, 0, 12, 0, 0",0
236,2,7.400000000000001,59.0,0,"0, 1, 0, 0, 1, 1, 0, 7, 0, 0, 10, 0, 0",1
237,3,7.0,64.0,0,"0, 0, 0, 0, 0, 0, 0, 2, 0, 0, 4, 0, 0",1
238,5,5.3,87.0,0,"0, 0, 0, 0, 0, 0, 0, 1, 0, 0, 3, 0, 0",1
239,6,5.3,89.0,0,"0, 0, 0, 0, 0, 0, 0, 1, 0, 0, 7, 0, 0",1
240,7,5.3,91.0,0,"0, 0, 0, 0, 0, 0, 0, 2, 0, 0, 0, 0, 0",1
241,9,3.4,91.0,0,"0, 0, 0, 0, 0, 0, 0, 2, 0, 0, 4, 0, 0",1
242,10,2.2,89.0,0,"8, 0, 0, 0, 4, 13, 0, 17, 0, 3, 16, 0, 0",0
243,11,1.2,83.0,0,"50, 0, 5, 0, 11, 15, 6, 51, 0, 31, 50, 1, 1",0
244,9,-5.2,59.0,1,"0, 0, 0, 0, 0, 2, 0, 4, 0, 0, 7, 0, 0",2
245,10,-5.3,73.0,1,"12, 0, 2, 0, 2, 9, 1, 9, 0, 4, 21, 1, 2",2
246,11,-5.2,79.0,1,"63, 4, 8, 0, 11, 27, 14, 41, 2, 30, 72, 9, 3",2
247,12,-5.0,81.0,1,"62, 3, 12, 0, 33, 29, 13, 56, 2, 34, 61, 5, 8",2
248,13,-4.7,83.0,1,"55, 2, 11, 0, 24, 27, 7, 32, 0, 26, 43, 3, 10",2
249,14,-4.3,79.0,1,"35, 3, 8, 0, 29, 18, 12, 27, 2, 20, 32, 6, 4",2
250,15,-3.2,62.0,1,"39, 4, 2, 0, 39, 25, 14, 18, 2, 14, 52, 3, 4",2
251,20,-8.7,56.0,2,"61, 18, 46, 0, 182, 56, 22, 44, 9, 48, 56, 6, 5",2
252,21,-9.1,53.0,2,"48, 10, 38, 0, 138, 62, 17, 36, 6, 16, 37, 3, 6",2
253,4,5.8,88.0,5,"0, 0, 3, 0, 0, 1, 0, 1, 0, 0, 10, 0, 0",0
254,5,6.0,89.0,5,"0, 0, 0, 0, 0, 0, 0, 2, 0, 0, 5, 0, 0",0
255,6,6.099999999999999,89.0,5,"0, 0, 0, 0, 0, 0, 0, 2, 0, 0, 2, 0, 0",0
256,7,6.099999999999999,90.0,5,"0, 0, 0, 0, 0, 0, 0, 2, 0, 0, 1, 0, 0",0
257,8,6.0,91.0,5,"0, 0, 0, 0, 0, 0, 0, 2, 0, 0, 4, 0, 0",0
258,9,6.3,90.0,5,"2, 0, 1, 0, 0, 1, 0, 6, 0, 0, 17, 1, 0",0
259,10,7.1,85.0,5,"24, 0, 6, 0, 4, 31, 0, 32, 0, 3, 39, 2, 0",0
260,11,8.9,75.0,5,"62, 1, 17, 0, 23, 50, 15, 63, 1, 30, 72, 9, 11",0
261,12,10.7,59.0,5,"91, 6, 15, 0, 65, 49, 25, 69, 6, 42, 73, 12, 6",0
262,13,11.4,39.0,5,"55, 4, 18, 0, 56, 48, 23, 52, 3, 33, 59, 13, 3",0
263,1,7.4,70.0,6,"5, 7, 2, 0, 16, 6, 0, 8, 0, 1, 9, 0, 1",0
264,2,6.9,74.0,6,"4, 0, 2, 0, 1, 2, 0, 4, 0, 1, 15, 0, 0",0
265,3,5.9,75.0,6,"1, 0, 3, 0, 0, 0, 0, 3, 0, 0, 13, 0, 0",0
266,4,5.1,79.0,6,"0, 0, 0, 0, 0, 0, 0, 2, 0, 0, 9, 0, 0",0
267,5,5.0,85.0,6,"0, 0, 0, 0, 0, 0, 0, 2, 0, 0, 6, 0, 0",0
268,6,5.1,85.0,6,"0, 0, 0, 0, 0, 0, 0, 4, 0, 0, 2, 0, 0",0
269,7,5.0,84.0,6,"2, 0, 0, 0, 0, 0, 0, 5, 0, 0, 1, 0, 0",0
270,8,4.7,85.0,6,"0, 0, 0, 0, 0, 0, 0, 4, 0, 0, 4, 0, 0",0
271,9,6.4,83.0,6,"6, 0, 1, 0, 1, 2, 0, 6, 0, 0, 19, 0, 0",0
272,10,9.7,71.0,6,"18, 0, 6, 0, 5, 22, 0, 17, 0, 3, 33, 0, 0",0
273,11,12.099999999999998,63.0,6,"71, 3, 20, 0, 20, 44, 13, 47, 0, 26, 67, 9, 3",0
274,12,11.9,70.0,0,"55, 1, 8, 0, 21, 30, 10, 43, 0, 31, 87, 7, 4",0
275,13,12.0,67.0,0,"40, 1, 3, 0, 20, 34, 13, 32, 1, 35, 57, 5, 2",0
276,14,12.0,60.0,0,"36, 0, 5, 0, 31, 27, 9, 17, 0, 21, 51, 4, 3",0
277,2,8.7,47.0,0,"1, 3, 4, 0, 3, 4, 0, 7, 0, 0, 18, 0, 0",1
278,3,8.6,51.0,0,"4, 1, 3, 0, 1, 0, 0, 9, 0, 0, 5, 0, 0",1
279,4,7.2,75.0,0,"1, 0, 4, 0, 0, 0, 0, 2, 0, 0, 4, 0, 0",1
280,5,5.8,85.0,0,"0, 0, 0, 0, 0, 0, 0, 2, 0, 0, 8, 0, 0",1
281,6,5.599999999999999,90.0,0,"0, 0, 0, 0, 0, 0, 0, 4, 0, 0, 6, 0, 0",1
282,7,5.2,95.0,0,"0, 0, 0, 0, 0, 0, 0, 0, 0, 0, 5, 0, 0",1
283,8,5.400000000000001,96.0,0,"0, 0, 0, 0, 0, 0, 0, 3, 0, 0, 3, 0, 0",1
284,9,5.7,98.0,0,"0, 0, 0, 0, 0, 2, 0, 5, 0, 2, 16, 0, 1",1
285,10,6.0,99.0,0,"28, 0, 5, 0, 3, 24, 0, 17, 0, 4, 49, 0, 2",1
286,11,6.4,99.0,0,"105, 0, 23, 0, 29, 48, 17, 70, 4, 24, 105, 9, 8",1
287,12,6.4,100.0,0,"144, 0, 20, 0, 78, 89, 26, 85, 3, 41, 97, 14, 9",1
288,13,6.7,100.0,0,"115, 0, 24, 0, 90, 98, 24, 80, 3, 39, 123, 16, 10",1
289,14,6.8,100.0,0,"100, 0, 32, 0, 109, 100, 21, 64, 3, 43, 100, 4, 8",1
290,15,6.8,99.0,0,"78, 7, 31, 0, 95, 95, 38, 44, 1, 26, 78, 7, 8",1
291,16,5.7,95.0,0,"97, 6, 60, 0, 151, 82, 20, 69, 6, 45, 73, 9, 3",1
292,17,4.5,95.0,0,"156, 7, 109, 0, 228, 55, 53, 100, 19, 65, 88, 13, 15",1
293,18,3.1,94.0,0,"168, 5, 119, 0, 285, 58, 44, 131, 18, 80, 94, 11, 13",1
294,19,1.5,96.0,0,"91, 12, 79, 0, 210, 58, 47, 90, 11, 53, 87, 9, 9",1
295,20,1.2,98.0,0,"69, 8, 48, 0, 147, 59, 25, 55, 6, 34, 83, 3, 9",2
296,21,1.0,98.0,0,"72, 4, 37, 0, 139, 41, 24, 41, 2, 22, 44, 0, 5",2
297,22,0.8,99.0,0,"59, 7, 23, 0, 103, 26, 14, 25, 6, 27, 32, 4, 1",2
298,23,0.6,99.0,0,"15, 2, 9, 0, 48, 10, 3, 18, 3, 11, 19, 2, 2",2
299,0,0.5,98.0,1,"1, 2, 8, 0, 21, 0, 4, 6, 1, 1, 9, 0, 0",2
300,1,0.6,95.0,1,"0, 1, 1, 0, 8, 1, 0, 2, 1, 1, 7, 0, 0",2
301,2,0.5,94.0,1,"0, 0, 0, 0, 1, 0, 0, 1, 0, 3, 9, 0, 0",2
302,4,5.900000000000001,92.0,5,"0, 0, 0, 0, 0, 0, 0, 2, 0, 0, 7, 0, 0",0
303,5,5.8,91.0,5,"0, 0, 0, 0, 0, 0, 0, 1, 0, 0, 2, 0, 0",0
304,6,5.4,92.0,5,"0, 0, 0, 0, 0, 0, 0, 0, 0, 0, 3, 0, 0",0
305,7,5.1,92.0,5,"0, 0, 0, 0, 0, 0, 0, 1, 0, 0, 4, 0, 0",0
306,8,5.2,91.0,5,"4, 0, 0, 0, 0, 0, 0, 6, 0, 0, 6, 0, 0",0
307,23,5.2,77.0,1,"17, 10, 6, 0, 64, 17, 15, 15, 1, 14, 17, 2, 1",0
308,0,4.9,83.0,2,"3, 2, 4, 0, 29, 7, 0, 4, 3, 6, 3, 0, 0",0
309,1,4.3,84.0,2,"1, 0, 1, 0, 10, 7, 0, 2, 0, 0, 10, 0, 1",0
310,2,3.9,87.0,2,"0, 0, 1, 0, 2, 2, 0, 7, 0, 0, 3, 0, 0",0
311,3,3.6,87.0,2,"0, 0, 0, 0, 1, 2, 0, 2, 0, 0, 7, 0, 0",0
312,4,3.2000000000000006,90.0,2,"0, 0, 0, 0, 0, 0, 0, 2, 0, 0, 9, 0, 0",0
313,5,2.9,90.0,2,"0, 0, 0, 0, 0, 0, 0, 1, 0, 0, 7, 0, 0",0
314,6,2.1,87.0,2,"0, 0, 0, 0, 0, 0, 0, 0, 0, 0, 2, 0, 0",0
315,7,1.8,85.0,2,"0, 0, 0, 0, 0, 0, 0, 2, 0, 0, 3, 0, 0",0
316,8,2.2,86.0,2,"0, 0, 0, 0, 0, 0, 0, 1, 0, 0, 2, 0, 0",0
317,9,4.8,79.0,2,"0, 0, 1, 0, 0, 1, 0, 3, 0, 0, 7, 0, 0",0
318,10,7.6,64.0,2,"13, 0, 3, 0, 1, 9, 0, 18, 0, 12, 39, 0, 0",0
319,11,10.0,52.0,2,"116, 1, 7, 0, 12, 37, 18, 61, 0, 49, 122, 16, 8",0
320,12,12.3,44.0,2,"104, 3, 6, 0, 34, 26, 14, 51, 2, 41, 82, 16, 14",0
321,18,14.1,42.0,2,"104, 9, 89, 0, 203, 35, 34, 85, 5, 70, 76, 21, 8",0
322,19,11.7,51.0,2,"132, 14, 72, 0, 228, 40, 32, 83, 9, 66, 73, 15, 6",0
323,20,10.7,58.0,2,"55, 14, 45, 0, 180, 42, 21, 52, 16, 42, 59, 10, 9",0
324,21,9.900000000000002,59.0,2,"44, 9, 29, 0, 123, 44, 17, 37, 7, 23, 42, 0, 1",0
325,22,9.0,58.0,2,"44, 10, 24, 0, 122, 46, 17, 24, 4, 19, 30, 4, 2",0
326,23,8.1,61.0,2,"15, 4, 4, 0, 67, 22, 11, 13, 1, 13, 21, 0, 2",0
327,0,7.1,66.0,3,"6, 4, 4, 0, 23, 8, 1, 6, 2, 2, 4, 0, 1",0
328,1,6.5,69.0,3,"0, 1, 5, 0, 12, 7, 0, 4, 0, 0, 7, 0, 0",0
329,2,6.2,70.0,3,"0, 0, 3, 0, 1, 9, 0, 3, 0, 0, 6, 0, 0",0
330,3,5.9,71.0,3,"0, 0, 0, 0, 1, 4, 0, 2, 0, 0, 8, 0, 0",0
331,4,5.7,72.0,3,"0, 0, 0, 0, 0, 0, 0, 3, 0, 0, 0, 0, 0",0
332,5,5.2,75.0,3,"0, 0, 0, 0, 0, 0, 0, 1, 0, 0, 6, 0, 0",0
333,6,4.8,77.0,3,"0, 0, 0, 0, 0, 0, 0, 0, 0, 0, 2, 0, 0",0
334,7,4.8,80.0,3,"0, 0, 0, 0, 0, 0, 0, 1, 0, 0, 1, 0, 0",0
335,8,5.0,79.0,3,"0, 0, 0, 0, 0, 0, 0, 1, 0, 0, 3, 0, 0",0
336,9,6.7,75.0,3,"3, 0, 0, 0, 0, 3, 0, 2, 0, 0, 9, 0, 0",0
337,10,9.5,63.0,3,"16, 0, 2, 0, 3, 11, 0, 21, 0, 3, 45, 0, 0",0
338,11,11.7,51.0,3,"94, 0, 12, 0, 7, 23, 5, 59, 1, 34, 81, 14, 6",0
339,12,13.7,40.0,3,"87, 2, 15, 0, 34, 29, 10, 56, 1, 43, 71, 8, 1",0
340,13,15.2,36.0,3,"55, 1, 8, 0, 34, 28, 6, 29, 0, 31, 54, 2, 3",0
341,14,16.1,30.0,3,"50, 0, 9, 0, 20, 32, 4, 22, 1, 27, 35, 3, 1",0
342,15,16.9,26.0,3,"35, 1, 6, 0, 41, 39, 3, 14, 0, 17, 32, 4, 6",0
343,16,16.5,23.0,3,"60, 3, 17, 0, 56, 39, 8, 22, 5, 21, 48, 4, 4",0
344,17,14.2,37.0,3,"92, 3, 51, 0, 123, 31, 11, 45, 5, 40, 44, 11, 5",0
345,18,12.9,39.0,3,"114, 13, 77, 0, 239, 42, 25, 88, 18, 58, 72, 12, 7",0
346,19,12.0,45.0,3,"142, 16, 73, 0, 209, 46, 23, 79, 7, 67, 75, 10, 7",0
347,20,11.6,38.0,3,"88, 14, 37, 0, 170, 60, 23, 63, 7, 45, 53, 8, 7",0
348,6,9.2,57.0,4,"0, 0, 0, 0, 0, 0, 0, 5, 0, 0, 1, 0, 0",0
349,7,9.0,57.0,4,"0, 0, 0, 0, 0, 0, 0, 0, 0, 0, 8, 0, 0",1
350,8,8.9,57.0,4,"0, 0, 0, 0, 0, 0, 0, 0, 0, 0, 3, 0, 0",0
351,9,9.8,54.0,4,"0, 0, 0, 0, 0, 1, 0, 6, 0, 0, 10, 0, 0",0
352,10,10.699999999999998,52.0,4,"15, 0, 7, 0, 6, 13, 0, 8, 0, 3, 44, 2, 0",0
353,11,12.3,46.0,4,"114, 2, 18, 0, 14, 29, 6, 58, 2, 35, 71, 17, 7",0
354,12,13.8,42.0,4,"79, 5, 15, 0, 41, 24, 7, 45, 0, 41, 69, 8, 11",0
355,13,14.8,41.0,4,"43, 2, 13, 0, 27, 38, 8, 38, 2, 26, 57, 4, 1",0
356,14,12.900000000000002,57.0,4,"47, 0, 7, 0, 37, 35, 9, 16, 0, 23, 44, 4, 5",1
357,15,12.4,64.0,4,"53, 3, 12, 0, 37, 36, 7, 23, 2, 18, 46, 1, 4",1
358,16,12.5,59.0,4,"76, 3, 18, 0, 76, 27, 9, 21, 3, 15, 39, 6, 3",1
359,23,8.4,70.0,5,"25, 16, 21, 0, 100, 20, 17, 21, 7, 9, 7, 1, 2",0
360,0,7.8,73.0,6,"5, 6, 6, 0, 55, 13, 6, 5, 3, 3, 7, 0, 0",0
361,1,7.3,76.0,6,"4, 4, 6, 0, 16, 6, 0, 3, 0, 1, 12, 0, 1",0
362,2,6.9,79.0,6,"0, 1, 2, 0, 9, 3, 0, 3, 0, 0, 10, 0, 0",0
363,3,6.3,81.0,6,"2, 0, 1, 0, 2, 3, 0, 2, 0, 0, 9, 0, 0",0
364,4,6.0,85.0,6,"0, 0, 2, 0, 0, 0, 0, 1, 0, 0, 12, 0, 0",0
365,5,5.5,86.0,6,"0, 0, 0, 0, 0, 0, 0, 0, 0, 0, 7, 0, 0",0
366,6,5.400000000000001,88.0,6,"0, 0, 0, 0, 0, 0, 0, 1, 0, 0, 5, 0, 0",0
367,7,5.0,89.0,6,"0, 0, 0, 0, 0, 0, 0, 3, 0, 0, 5, 0, 0",0
368,8,5.2,91.0,6,"1, 0, 0, 0, 0, 0, 0, 5, 0, 0, 7, 0, 0",0
369,9,6.6,88.0,6,"1, 0, 0, 0, 0, 3, 0, 7, 0, 0, 19, 0, 0",0
370,10,8.5,80.0,6,"18, 0, 5, 0, 0, 23, 0, 23, 0, 10, 37, 1, 7",0
371,11,10.4,70.0,6,"125, 3, 19, 0, 25, 52, 15, 66, 4, 33, 77, 11, 8",0
372,12,11.9,65.0,6,"145, 4, 31, 0, 73, 77, 24, 75, 1, 31, 65, 20, 19",0
373,13,12.9,59.0,6,"119, 3, 26, 0, 76, 96, 20, 72, 5, 37, 64, 15, 11",0
374,14,13.7,56.0,6,"119, 3, 32, 0, 71, 80, 18, 56, 1, 26, 51, 5, 5",0
375,15,14.4,49.0,6,"126, 6, 21, 0, 70, 90, 14, 38, 2, 25, 49, 5, 4",0
376,18,11.9,59.0,6,"151, 17, 109, 0, 266, 74, 46, 111, 18, 68, 66, 19, 14",0
377,19,10.4,64.0,6,"155, 21, 77, 0, 241, 94, 36, 76, 21, 50, 60, 13, 5",0
378,21,9.0,68.0,6,"111, 10, 27, 0, 121, 66, 21, 38, 2, 18, 38, 3, 8",0
379,22,8.7,68.0,6,"69, 11, 21, 0, 109, 57, 18, 20, 3, 17, 30, 4, 0",0
380,23,8.5,71.0,6,"28, 6, 15, 0, 64, 22, 7, 20, 3, 17, 12, 0, 4",0
381,0,7.599999999999999,73.0,0,"6, 2, 7, 0, 46, 15, 1, 4, 1, 7, 9, 0, 1",0
382,1,7.0,75.0,0,"3, 2, 4, 0, 11, 11, 0, 2, 0, 2, 10, 0, 2",0
383,2,6.7,78.0,0,"1, 0, 1, 0, 1, 2, 0, 1, 0, 0, 12, 0, 1",0
384,3,6.4,81.0,0,"1, 0, 1, 0, 3, 0, 0, 0, 0, 0, 0, 0, 1",0
385,4,5.9,82.0,0,"0, 0, 1, 0, 0, 0, 0, 0, 0, 0, 9, 0, 0",0
386,5,5.6,83.0,0,"0, 0, 0, 0, 0, 0, 0, 1, 0, 0, 2, 0, 0",0
387,6,5.2,84.0,0,"0, 0, 0, 0, 0, 0, 0, 0, 0, 0, 1, 0, 0",0
388,7,5.1,87.0,0,"0, 0, 0, 0, 0, 0, 0, 0, 0, 0, 2, 0, 0",0
389,8,6.0,86.0,0,"1, 0, 0, 0, 0, 0, 0, 0, 0, 0, 6, 0, 0",0
390,9,7.6,80.0,0,"0, 0, 0, 0, 0, 1, 0, 1, 0, 0, 11, 0, 0",0
391,10,9.5,72.0,0,"23, 0, 2, 0, 4, 10, 0, 14, 0, 5, 33, 1, 1",0
392,11,12.0,60.0,0,"77, 1, 10, 0, 10, 23, 5, 48, 1, 35, 73, 13, 2",0
393,12,13.3,54.0,0,"67, 0, 7, 0, 15, 34, 12, 41, 2, 35, 63, 6, 1",0
394,13,14.4,49.0,0,"52, 1, 8, 0, 21, 42, 3, 30, 3, 29, 46, 2, 2",0
395,14,14.8,45.0,0,"49, 1, 6, 0, 28, 37, 8, 19, 2, 14, 38, 2, 2",0
396,15,15.6,43.0,0,"44, 2, 8, 0, 22, 34, 2, 24, 1, 19, 44, 5, 2",0
397,16,15.4,41.0,0,"60, 2, 12, 0, 38, 22, 7, 25, 0, 18, 35, 1, 2",0
398,23,11.5,85.0,0,"22, 1, 17, 0, 56, 11, 2, 14, 5, 16, 15, 0, 1",1
399,0,10.699999999999998,94.0,1,"0, 1, 2, 0, 4, 1, 0, 0, 0, 5, 2, 0, 0",1
400,1,9.8,94.0,1,"0, 0, 1, 0, 3, 0, 0, 0, 0, 7, 4, 0, 0",1
401,2,9.3,95.0,1,"0, 1, 2, 0, 0, 0, 0, 0, 0, 7, 0, 0, 0",1
402,3,9.2,94.0,1,"0, 0, 0, 0, 0, 0, 0, 2, 0, 4, 1, 0, 0",1
403,10,7.6,47.0,1,"4, 0, 0, 0, 1, 4, 0, 1, 0, 16, 12, 0, 0",0
404,11,8.5,38.0,1,"14, 0, 0, 0, 4, 3, 1, 9, 0, 74, 25, 3, 1",0
405,12,10.2,34.0,1,"13, 1, 2, 0, 8, 10, 3, 17, 0, 56, 16, 5, 0",0
406,13,11.5,30.0,1,"9, 0, 0, 0, 5, 12, 2, 7, 0, 40, 10, 2, 1",0
407,14,12.6,30.0,1,"7, 0, 0, 0, 10, 8, 2, 5, 0, 32, 9, 0, 4",0
408,15,12.6,27.0,1,"4, 0, 1, 0, 9, 3, 1, 4, 0, 21, 4, 0, 0",0
409,16,12.4,28.0,1,"6, 1, 5, 0, 10, 10, 3, 8, 1, 45, 6, 1, 0",0
410,17,12.0,37.0,1,"17, 4, 4, 0, 25, 9, 3, 13, 1, 67, 16, 0, 1",0
411,18,10.5,41.0,1,"24, 4, 5, 0, 51, 3, 4, 32, 2, 137, 16, 4, 0",0
412,19,9.1,41.0,1,"23, 7, 2, 0, 60, 8, 1, 27, 0, 129, 20, 2, 2",0
413,20,7.9,43.0,1,"15, 11, 7, 0, 36, 9, 4, 13, 3, 84, 14, 3, 2",0
414,21,6.6,48.0,1,"9, 2, 3, 0, 33, 7, 1, 9, 3, 60, 5, 0, 0",0
415,22,6.0,48.0,1,"4, 3, 3, 0, 35, 1, 0, 6, 1, 30, 9, 0, 0",0
416,23,5.7,48.0,1,"2, 3, 5, 0, 21, 2, 0, 5, 0, 10, 3, 0, 0",0
417,0,4.9,50.0,2,"0, 1, 1, 0, 13, 0, 0, 2, 0, 7, 3, 0, 0",0
418,1,4.5,50.0,2,"0, 2, 3, 0, 5, 0, 0, 0, 0, 3, 1, 0, 0",0
419,2,4.1,54.0,2,"0, 0, 0, 0, 0, 0, 0, 1, 0, 0, 2, 0, 0",0
420,3,3.6,52.0,2,"0, 0, 0, 0, 0, 0, 0, 1, 0, 0, 1, 0, 0",0
421,4,3.2,54.0,2,"0, 0, 0, 0, 0, 0, 0, 3, 0, 0, 2, 0, 0",0
422,8,2.8,58.0,2,"0, 0, 0, 0, 0, 0, 0, 1, 0, 0, 1, 0, 0",0
423,9,5.8,50.0,2,"0, 0, 0, 0, 0, 2, 0, 3, 0, 0, 1, 0, 0",0
424,10,8.5,45.0,2,"1, 0, 0, 0, 0, 9, 0, 6, 0, 29, 12, 0, 0",0
425,11,10.6,39.0,2,"10, 0, 2, 0, 4, 6, 3, 21, 0, 91, 20, 5, 0",0
426,12,12.7,35.0,2,"6, 0, 1, 0, 2, 12, 2, 16, 0, 56, 11, 5, 0",0
427,13,14.2,31.0,2,"14, 0, 2, 0, 5, 6, 1, 9, 1, 41, 14, 2, 0",0
428,14,15.5,29.0,2,"6, 0, 0, 0, 7, 8, 1, 7, 0, 30, 5, 0, 0",0
429,15,16.7,25.0,2,"6, 0, 0, 0, 11, 7, 0, 3, 1, 26, 6, 0, 0",0
430,16,17.4,24.0,2,"9, 1, 1, 0, 17, 6, 0, 5, 1, 35, 14, 1, 2",0
431,17,16.4,34.0,2,"16, 4, 5, 0, 42, 3, 5, 12, 1, 69, 9, 1, 1",0
432,18,13.7,39.0,2,"17, 9, 3, 0, 48, 5, 3, 28, 3, 127, 11, 2, 1",0
433,19,11.0,45.0,2,"22, 9, 11, 0, 74, 3, 6, 17, 3, 101, 17, 3, 2",0
434,20,9.5,50.0,2,"9, 5, 11, 0, 38, 2, 6, 5, 5, 76, 9, 2, 1",0
435,21,8.6,53.0,2,"8, 3, 1, 0, 41, 6, 2, 3, 1, 49, 9, 0, 1",0
436,22,8.8,45.0,2,"7, 2, 1, 0, 39, 3, 0, 11, 2, 44, 9, 0, 0",0
437,23,7.9,45.0,2,"3, 1, 4, 0, 18, 0, 0, 7, 1, 18, 3, 0, 0",0
438,0,7.2,48.0,3,"0, 0, 0, 0, 17, 0, 0, 0, 0, 7, 1, 0, 0",0
439,1,6.900000000000001,55.0,3,"0, 0, 0, 0, 3, 0, 0, 0, 0, 7, 1, 0, 0",0
440,8,11.4,53.0,5,"0, 0, 0, 0, 0, 0, 0, 1, 0, 0, 1, 0, 0",1
441,9,10.6,59.0,5,"0, 0, 0, 0, 0, 0, 0, 3, 0, 0, 5, 0, 0",1
442,10,9.1,81.0,5,"3, 0, 0, 0, 4, 16, 0, 7, 0, 23, 12, 0, 0",1
443,11,8.8,83.0,5,"26, 0, 2, 0, 9, 14, 3, 14, 0, 97, 25, 7, 4",1
444,12,8.8,87.0,5,"31, 2, 4, 0, 16, 18, 5, 30, 1, 110, 19, 6, 4",1
445,13,8.8,89.0,5,"42, 1, 3, 0, 19, 22, 2, 11, 0, 110, 18, 5, 4",1
446,14,9.0,89.0,5,"27, 1, 3, 0, 21, 16, 1, 18, 0, 85, 13, 2, 5",1
447,15,9.2,90.0,5,"19, 1, 7, 0, 26, 24, 0, 19, 2, 77, 7, 2, 1",1
448,19,8.9,92.0,5,"35, 4, 6, 0, 69, 8, 3, 17, 7, 152, 13, 2, 2",1
449,20,8.6,90.0,5,"32, 6, 4, 0, 54, 17, 2, 16, 0, 102, 10, 1, 2",1
450,21,8.3,92.0,5,"31, 5, 4, 0, 52, 15, 4, 15, 2, 99, 12, 0, 0",1
451,22,7.9,89.0,5,"24, 5, 8, 0, 54, 8, 0, 9, 1, 45, 9, 0, 2",1
452,23,7.699999999999999,89.0,5,"11, 3, 6, 0, 34, 0, 0, 7, 1, 16, 4, 0, 7",0
453,0,7.4,89.0,6,"3, 2, 0, 0, 23, 0, 0, 9, 0, 11, 0, 0, 0",0
454,1,7.099999999999999,88.0,6,"0, 0, 1, 0, 11, 1, 0, 1, 0, 1, 3, 0, 0",0
455,2,6.7,88.0,6,"0, 0, 0, 0, 0, 0, 0, 2, 0, 0, 1, 0, 0",0
456,4,5.5,79.0,6,"0, 0, 0, 0, 0, 0, 0, 1, 0, 0, 5, 0, 0",0
457,5,5.1,83.0,6,"0, 0, 0, 0, 0, 0, 0, 1, 0, 0, 2, 0, 0",0
458,6,4.7,86.0,6,"0, 0, 0, 0, 0, 0, 0, 2, 0, 0, 2, 0, 0",0
459,8,4.9,86.0,6,"1, 0, 0, 0, 0, 0, 0, 3, 0, 0, 2, 0, 0",0
460,9,5.5,80.0,6,"3, 0, 0, 0, 0, 0, 0, 4, 0, 0, 4, 0, 0",0
461,10,5.9,75.0,6,"2, 0, 0, 0, 4, 8, 0, 13, 0, 20, 7, 0, 0",0
462,11,6.7,73.0,6,"24, 0, 2, 0, 16, 10, 3, 14, 0, 97, 19, 3, 0",0
463,12,8.0,57.0,6,"29, 0, 3, 0, 16, 14, 0, 20, 0, 96, 24, 5, 2",0
464,13,6.7,70.0,6,"27, 1, 3, 0, 21, 14, 4, 13, 0, 105, 21, 10, 0",1
465,14,7.900000000000001,58.0,6,"26, 0, 4, 0, 25, 19, 1, 9, 1, 84, 17, 4, 0",1
466,7,2.8,87.0,1,"0, 0, 0, 0, 0, 0, 0, 1, 0, 0, 4, 0, 0",0
467,8,3.9,84.0,1,"0, 0, 0, 0, 0, 0, 0, 2, 0, 0, 1, 0, 0",0
468,21,10.0,74.0,3,"2, 2, 3, 0, 32, 6, 0, 1, 0, 88, 19, 1, 0",0
469,22,8.6,80.0,3,"8, 2, 2, 0, 26, 1, 0, 3, 0, 60, 9, 0, 0",0
470,23,7.5,85.0,3,"3, 1, 2, 0, 19, 0, 0, 5, 0, 17, 0, 0, 0",0
471,0,6.8,88.0,4,"4, 2, 2, 0, 10, 2, 0, 1, 0, 15, 3, 0, 0",0
472,1,6.1,90.0,4,"0, 1, 0, 0, 8, 1, 0, 2, 1, 4, 1, 0, 0",0
473,2,5.8,91.0,4,"0, 1, 0, 0, 1, 0, 0, 1, 0, 2, 5, 0, 0",0
474,3,5.7,92.0,4,"0, 0, 0, 0, 0, 0, 0, 1, 0, 0, 1, 0, 0",0
475,5,5.2,93.0,4,"0, 0, 0, 0, 0, 0, 0, 3, 0, 0, 4, 0, 0",0
476,10,10.8,72.0,4,"1, 0, 0, 0, 9, 1, 0, 2, 0, 23, 15, 0, 0",0
477,11,13.7,56.0,4,"12, 1, 1, 0, 3, 7, 1, 14, 0, 80, 32, 2, 2",0
478,12,15.4,47.0,4,"21, 0, 1, 0, 9, 5, 0, 8, 0, 62, 19, 6, 3",0
479,13,17.3,39.0,4,"7, 0, 0, 0, 12, 10, 0, 10, 0, 41, 18, 2, 0",0
480,14,18.9,37.0,4,"12, 0, 0, 0, 7, 8, 0, 4, 1, 33, 19, 1, 1",0
481,15,19.8,31.0,4,"9, 0, 0, 0, 6, 12, 0, 6, 0, 45, 12, 1, 0",0
482,19,16.9,37.0,4,"36, 13, 9, 0, 71, 9, 8, 33, 1, 172, 31, 6, 0",0
483,20,15.8,39.0,4,"22, 4, 8, 0, 63, 3, 3, 23, 2, 106, 20, 1, 2",0
484,21,14.9,41.0,4,"15, 8, 9, 0, 40, 4, 4, 9, 2, 94, 14, 0, 1",0
485,22,13.7,43.0,4,"15, 7, 10, 0, 36, 3, 0, 5, 2, 64, 11, 0, 0",0
486,19,19.9,34.0,4,"15, 4, 11, 0, 64, 13, 4, 15, 4, 143, 18, 6, 3",1
487,20,19.4,35.0,4,"11, 3, 3, 0, 52, 12, 3, 15, 4, 118, 10, 3, 3",1
488,8,17.3,60.0,5,"0, 0, 0, 0, 0, 0, 0, 3, 0, 0, 2, 0, 0",1
489,9,17.5,62.0,5,"1, 0, 0, 0, 0, 1, 0, 5, 0, 0, 4, 0, 0",1
490,10,16.8,79.0,5,"3, 0, 0, 0, 8, 8, 0, 7, 0, 27, 11, 0, 0",1
491,11,15.800000000000002,89.0,5,"11, 0, 0, 0, 7, 14, 1, 8, 0, 91, 14, 2, 2",1
492,12,14.9,94.0,5,"24, 0, 4, 0, 34, 19, 2, 8, 1, 103, 24, 1, 1",1
493,13,14.8,94.0,5,"9, 0, 1, 0, 31, 15, 5, 11, 1, 104, 19, 2, 1",1
494,14,14.5,96.0,5,"15, 1, 2, 0, 34, 26, 1, 16, 1, 72, 23, 4, 0",1
495,15,14.4,96.0,5,"10, 0, 4, 0, 41, 21, 0, 8, 0, 81, 17, 2, 0",1
496,16,14.4,98.0,5,"7, 1, 5, 0, 44, 9, 4, 25, 0, 92, 10, 0, 1",1
497,17,14.3,98.0,5,"21, 2, 8, 0, 70, 18, 1, 34, 3, 158, 19, 3, 4",1
498,18,14.2,98.0,5,"25, 9, 6, 0, 90, 14, 1, 38, 1, 170, 18, 1, 2",1
499,19,14.0,97.0,5,"18, 5, 11, 0, 76, 19, 0, 22, 1, 144, 16, 6, 2",1
500,20,13.5,95.0,5,"10, 6, 5, 0, 53, 10, 2, 15, 3, 70, 19, 2, 1",1
501,21,12.5,94.0,5,"9, 8, 4, 0, 56, 16, 5, 18, 1, 69, 8, 0, 3",1
502,22,11.7,95.0,5,"7, 5, 3, 0, 51, 8, 0, 10, 1, 50, 14, 0, 1",1
503,23,11.4,94.0,5,"8, 6, 7, 0, 19, 2, 0, 9, 0, 26, 10, 0, 0",1
504,0,10.9,92.0,6,"2, 1, 1, 0, 9, 1, 0, 0, 0, 9, 8, 0, 0",1
505,1,10.5,96.0,6,"0, 1, 1, 0, 1, 1, 0, 0, 0, 7, 3, 0, 0",1
506,2,10.3,94.0,6,"0, 0, 1, 0, 0, 1, 0, 1, 2, 1, 4, 0, 0",1
507,4,10.2,92.0,6,"0, 0, 0, 0, 0, 0, 0, 1, 0, 0, 3, 0, 0",1
508,5,9.7,93.0,6,"0, 0, 0, 0, 0, 0, 0, 1, 0, 0, 1, 0, 0",1
509,6,9.5,91.0,6,"0, 0, 0, 0, 0, 0, 0, 2, 0, 0, 3, 0, 0",1
510,5,8.7,75.0,2,"0, 0, 0, 0, 0, 0, 0, 1, 0, 0, 4, 0, 0",0
511,6,8.2,77.0,2,"0, 0, 0, 0, 0, 0, 0, 1, 0, 0, 1, 0, 0",0
512,8,10.0,72.0,2,"1, 0, 0, 0, 0, 0, 0, 2, 0, 0, 1, 0, 0",0
513,10,14.9,57.0,2,"8, 0, 0, 0, 1, 8, 0, 1, 0, 26, 12, 0, 0",0
514,11,16.7,46.0,2,"21, 0, 1, 0, 5, 8, 0, 13, 0, 94, 36, 8, 3",0
515,10,16.1,46.0,0,"4, 0, 0, 0, 0, 5, 0, 1, 0, 15, 8, 0, 0",1
516,11,16.9,41.0,0,"18, 0, 0, 0, 2, 7, 1, 16, 0, 65, 18, 4, 1",1
517,12,17.6,39.0,0,"25, 0, 2, 0, 9, 4, 1, 9, 0, 61, 16, 3, 2",1
518,13,16.6,48.0,0,"12, 0, 0, 0, 11, 6, 1, 11, 0, 43, 6, 1, 0",1
519,14,14.300000000000002,58.0,0,"17, 1, 0, 0, 7, 10, 0, 6, 0, 35, 9, 0, 1",1
520,15,12.9,79.0,0,"21, 1, 0, 0, 9, 13, 1, 7, 0, 33, 14, 3, 1",1
521,16,12.2,92.0,0,"18, 1, 1, 0, 20, 7, 0, 10, 1, 53, 12, 1, 2",1
522,17,12.0,94.0,0,"27, 1, 8, 0, 23, 10, 2, 9, 0, 78, 5, 2, 3",1
523,18,12.0,95.0,0,"42, 5, 16, 0, 55, 8, 5, 31, 0, 124, 17, 3, 4",1
524,19,12.0,97.0,0,"46, 2, 11, 0, 64, 13, 6, 32, 1, 117, 23, 2, 3",1
525,20,12.1,98.0,0,"34, 5, 8, 0, 33, 10, 8, 20, 1, 90, 15, 2, 2",1
526,21,12.2,98.0,0,"18, 3, 7, 0, 17, 12, 2, 15, 1, 54, 7, 0, 0",1
527,22,12.4,99.0,0,"12, 1, 3, 0, 32, 2, 0, 13, 0, 39, 5, 0, 1",1
528,23,12.5,98.0,0,"3, 0, 2, 0, 9, 0, 0, 7, 0, 20, 1, 0, 0",1
529,0,12.6,99.0,1,"1, 1, 0, 0, 7, 0, 0, 2, 0, 5, 0, 0, 0",1
530,1,12.6,99.0,1,"0, 0, 0, 0, 1, 1, 0, 0, 0, 10, 2, 0, 0",1
531,2,11.699999999999998,98.0,1,"0, 0, 0, 0, 0, 0, 0, 2, 0, 3, 2, 0, 0",1
532,3,11.2,98.0,1,"0, 0, 0, 0, 0, 0, 0, 0, 0, 3, 1, 0, 0",1
533,4,10.9,98.0,1,"0, 0, 0, 0, 0, 0, 0, 0, 0, 1, 4, 0, 0",1
534,6,11.0,99.0,1,"0, 0, 0, 0, 0, 0, 0, 2, 0, 0, 1, 0, 0",1
535,6,11.0,57.0,4,"0, 0, 0, 0, 0, 0, 0, 1, 0, 0, 1, 0, 0",1
536,11,11.1,84.0,4,"25, 0, 0, 0, 5, 14, 0, 20, 0, 92, 24, 4, 1",1
537,12,10.9,94.0,4,"22, 0, 1, 0, 9, 11, 0, 10, 0, 72, 12, 2, 4",1
538,13,11.0,93.0,4,"12, 0, 0, 0, 11, 11, 2, 13, 0, 46, 7, 1, 1",1
539,14,11.6,89.0,4,"6, 0, 0, 0, 10, 16, 2, 8, 0, 38, 8, 0, 1",1
540,15,13.9,74.0,4,"16, 1, 1, 0, 8, 12, 0, 8, 0, 41, 14, 0, 0",0
541,16,14.7,61.0,4,"11, 1, 4, 0, 17, 9, 3, 7, 0, 46, 5, 1, 3",0
542,17,14.6,46.0,4,"20, 2, 6, 0, 33, 13, 0, 9, 1, 75, 5, 3, 3",0
543,18,13.8,38.0,4,"30, 8, 15, 0, 58, 18, 1, 33, 10, 146, 17, 4, 4",0
544,19,12.2,40.0,4,"38, 9, 17, 0, 74, 8, 3, 32, 7, 161, 9, 3, 3",0
545,20,11.099999999999998,42.0,4,"26, 4, 8, 0, 59, 7, 1, 16, 5, 114, 12, 0, 4",0
546,21,10.2,45.0,4,"11, 8, 4, 0, 36, 9, 5, 7, 7, 83, 5, 0, 0",0
547,22,9.4,49.0,4,"7, 6, 4, 0, 41, 6, 0, 6, 1, 51, 13, 0, 2",0
548,23,8.7,58.0,4,"13, 4, 3, 0, 16, 2, 0, 4, 3, 9, 1, 0, 1",0
549,0,8.1,62.0,5,"1, 2, 1, 0, 8, 1, 0, 0, 1, 11, 7, 0, 0",0
550,1,7.8,66.0,5,"0, 1, 0, 0, 4, 0, 0, 3, 0, 6, 4, 0, 0",0
551,2,7.6,67.0,5,"0, 0, 0, 0, 0, 0, 0, 0, 0, 3, 4, 0, 0",0
552,3,7.3,68.0,5,"0, 0, 0, 0, 0, 0, 0, 0, 0, 2, 6, 0, 0",0
553,4,6.7,69.0,5,"0, 0, 0, 0, 0, 0, 0, 2, 0, 0, 7, 0, 0",0
554,5,6.2,75.0,5,"0, 0, 0, 0, 0, 0, 0, 1, 0, 0, 2, 0, 0",0
555,8,8.1,70.0,5,"2, 0, 0, 0, 0, 0, 0, 3, 0, 0, 2, 0, 0",0
556,9,10.2,61.0,5,"0, 0, 0, 0, 0, 3, 0, 4, 0, 1, 6, 0, 0",0
557,10,11.199999999999998,57.0,5,"1, 0, 0, 0, 0, 9, 0, 4, 0, 25, 11, 0, 0",0
558,11,11.2,46.0,5,"10, 0, 1, 0, 4, 21, 6, 15, 0, 78, 21, 3, 3",0
559,12,11.599999999999998,43.0,5,"32, 0, 4, 0, 13, 9, 1, 11, 0, 82, 22, 6, 3",1
560,13,10.7,52.0,5,"33, 1, 2, 0, 13, 13, 3, 13, 0, 91, 15, 1, 1",1
561,14,13.199999999999998,49.0,5,"35, 3, 2, 0, 15, 13, 1, 7, 0, 85, 23, 0, 0",1
562,15,13.9,48.0,5,"30, 1, 4, 0, 26, 17, 2, 9, 1, 56, 12, 4, 0",0
563,16,13.199999999999998,42.0,5,"32, 2, 5, 0, 28, 13, 1, 11, 0, 76, 15, 2, 0",0
564,17,10.6,55.0,5,"41, 5, 8, 0, 46, 13, 2, 17, 0, 122, 17, 3, 2",1
565,18,10.7,50.0,5,"51, 5, 13, 0, 57, 14, 1, 29, 6, 141, 14, 2, 3",0
566,19,10.8,35.0,5,"33, 7, 9, 0, 64, 19, 7, 23, 5, 130, 15, 2, 3",0
567,20,9.7,48.0,5,"30, 7, 11, 0, 73, 12, 3, 8, 3, 103, 7, 4, 0",0
568,6,8.3,88.0,1,"0, 0, 0, 0, 0, 0, 0, 2, 0, 0, 1, 0, 0",0
569,7,8.4,89.0,1,"0, 0, 0, 0, 0, 0, 0, 1, 0, 0, 3, 0, 0",0
570,8,10.5,82.0,1,"1, 0, 0, 0, 0, 0, 0, 1, 0, 0, 1, 0, 0",0
571,9,13.300000000000002,69.0,1,"0, 1, 0, 0, 0, 4, 0, 0, 0, 0, 4, 0, 0",0
572,4,17.8,50.0,4,"0, 0, 0, 0, 0, 0, 0, 0, 0, 3, 8, 0, 0",1
573,6,17.4,51.0,4,"0, 0, 0, 0, 0, 0, 0, 1, 0, 0, 5, 0, 0",1
574,13,20.6,33.0,4,"14, 2, 1, 0, 10, 13, 4, 8, 0, 44, 22, 3, 1",1
575,14,21.7,33.0,4,"12, 0, 0, 0, 6, 6, 5, 6, 0, 52, 8, 0, 0",1
576,15,21.7,37.0,5,"14, 0, 2, 0, 27, 27, 0, 10, 0, 70, 15, 1, 0",1
577,8,13.699999999999998,62.0,1,"1, 0, 0, 0, 0, 0, 0, 1, 0, 0, 3, 0, 0",1
578,18,16.5,52.0,1,"20, 8, 8, 0, 41, 9, 7, 18, 2, 109, 21, 3, 1",1
579,19,15.8,58.0,1,"17, 13, 11, 0, 68, 6, 9, 19, 3, 143, 23, 2, 0",1
580,21,15.4,72.0,1,"4, 3, 8, 0, 34, 8, 3, 11, 4, 55, 6, 0, 0",1
581,22,15.3,72.0,1,"5, 2, 7, 0, 25, 4, 0, 8, 3, 28, 3, 0, 1",1
582,23,15.0,76.0,1,"6, 2, 3, 0, 10, 1, 0, 4, 0, 10, 5, 0, 0",1
583,0,14.4,88.0,2,"2, 0, 2, 0, 5, 0, 0, 1, 0, 4, 2, 0, 0",1
584,1,13.7,94.0,2,"0, 1, 0, 0, 1, 0, 0, 1, 0, 4, 5, 0, 0",1
585,2,13.4,95.0,2,"0, 0, 0, 0, 0, 0, 0, 0, 0, 5, 3, 0, 0",1
586,3,12.9,90.0,2,"0, 0, 0, 0, 0, 0, 0, 0, 0, 2, 9, 0, 0",0
587,4,12.300000000000002,88.0,2,"0, 0, 0, 0, 0, 0, 0, 1, 0, 5, 3, 0, 0",0
588,7,11.4,88.0,2,"2, 0, 0, 0, 0, 0, 0, 1, 0, 0, 1, 0, 0",0
589,9,12.9,81.0,2,"0, 2, 0, 0, 0, 2, 0, 0, 0, 0, 3, 0, 0",0
590,10,13.7,76.0,2,"2, 3, 0, 0, 3, 9, 0, 6, 0, 29, 13, 0, 0",0
591,11,14.9,72.0,2,"12, 3, 0, 0, 5, 10, 0, 18, 0, 76, 32, 2, 0",0
592,12,16.6,66.0,2,"8, 2, 0, 0, 15, 13, 1, 9, 0, 69, 26, 1, 1",0
593,10,14.7,51.0,3,"11, 3, 0, 0, 2, 12, 0, 5, 0, 19, 10, 0, 0",1
594,11,14.9,49.0,3,"22, 4, 0, 0, 6, 10, 1, 8, 0, 100, 31, 5, 2",1
595,12,16.1,42.0,3,"7, 3, 1, 0, 11, 11, 1, 14, 0, 76, 20, 3, 2",1
596,13,16.9,43.0,3,"3, 0, 2, 0, 8, 4, 2, 9, 0, 48, 15, 1, 0",1
597,23,12.6,77.0,3,"6, 3, 3, 0, 22, 0, 0, 1, 2, 14, 2, 0, 0",1
598,0,11.5,86.0,4,"0, 3, 1, 0, 1, 1, 0, 1, 0, 8, 1, 0, 0",1
599,1,11.2,91.0,4,"0, 1, 1, 0, 4, 0, 0, 0, 0, 10, 6, 0, 0",1
600,2,10.4,90.0,4,"0, 0, 0, 0, 1, 1, 0, 1, 0, 3, 5, 0, 0",1
601,3,9.4,89.0,4,"0, 0, 0, 0, 0, 0, 0, 0, 0, 5, 6, 0, 0",1
602,4,8.7,89.0,4,"0, 0, 0, 0, 0, 0, 0, 0, 0, 2, 3, 0, 0",1
603,5,8.8,93.0,4,"0, 0, 0, 0, 0, 0, 0, 1, 0, 0, 5, 0, 0",1
604,9,9.9,90.0,4,"1, 4, 0, 0, 0, 3, 0, 1, 0, 0, 5, 0, 0",1
605,10,11.2,83.0,4,"7, 0, 1, 0, 0, 7, 0, 5, 0, 25, 19, 0, 0",1
606,16,13.2,75.0,4,"17, 2, 5, 0, 18, 6, 3, 8, 0, 33, 14, 0, 2",1
607,19,12.3,78.0,4,"29, 11, 7, 0, 73, 18, 3, 28, 5, 152, 13, 1, 2",0
608,20,11.9,81.0,4,"17, 14, 8, 0, 67, 9, 1, 22, 3, 128, 16, 3, 4",0
609,21,11.7,81.0,4,"14, 3, 15, 0, 56, 10, 5, 19, 0, 83, 14, 0, 2",0
610,22,11.3,82.0,4,"9, 7, 8, 0, 50, 3, 0, 7, 2, 58, 11, 0, 0",0
611,4,10.2,83.0,5,"0, 0, 0, 0, 0, 0, 0, 1, 0, 0, 7, 0, 0",0
612,5,9.9,90.0,5,"0, 0, 0, 0, 0, 0, 0, 2, 0, 0, 2, 0, 0",1
613,6,9.6,90.0,5,"0, 0, 0, 0, 0, 0, 0, 3, 0, 0, 5, 0, 0",1
614,8,10.4,89.0,5,"1, 0, 0, 0, 0, 0, 0, 0, 0, 0, 2, 0, 0",1
615,9,11.199999999999998,76.0,5,"1, 1, 0, 0, 0, 3, 0, 4, 0, 1, 6, 0, 0",1
616,10,11.1,79.0,5,"6, 2, 0, 0, 0, 10, 0, 3, 0, 29, 21, 0, 0",1
617,11,12.0,65.0,5,"30, 2, 2, 0, 5, 12, 0, 15, 0, 99, 14, 4, 2",1
618,14,11.7,66.0,5,"14, 1, 3, 0, 19, 19, 5, 11, 0, 70, 19, 4, 1",1
619,15,9.3,86.0,5,"9, 3, 4, 0, 21, 14, 4, 13, 0, 77, 20, 1, 0",1
620,16,10.0,87.0,5,"22, 4, 14, 0, 39, 17, 1, 15, 2, 70, 17, 2, 1",1
621,17,10.400000000000002,84.0,5,"27, 4, 11, 0, 52, 10, 0, 16, 1, 127, 18, 2, 1",1
622,18,9.9,84.0,5,"36, 7, 24, 0, 71, 16, 1, 30, 6, 138, 18, 3, 2",1
623,19,9.8,78.0,5,"27, 9, 7, 0, 57, 22, 0, 20, 2, 123, 28, 4, 4",1
624,22,8.8,91.0,5,"21, 8, 9, 0, 43, 3, 0, 14, 1, 60, 8, 0, 4",1
625,23,8.6,92.0,5,"14, 5, 3, 0, 33, 4, 0, 5, 2, 21, 1, 0, 0",1
626,0,8.5,91.0,6,"1, 2, 2, 0, 11, 3, 0, 0, 0, 16, 4, 0, 0",1
627,1,7.8,93.0,6,"0, 0, 1, 0, 4, 1, 0, 0, 0, 3, 7, 0, 0",1
628,2,7.8,96.0,6,"0, 0, 0, 0, 0, 1, 0, 0, 0, 4, 3, 0, 0",1
629,8,12.5,72.0,1,"1, 0, 0, 0, 0, 0, 0, 0, 0, 0, 3, 0, 0",1
630,9,12.7,74.0,1,"1, 0, 0, 0, 0, 4, 0, 2, 0, 0, 5, 0, 0",1
631,10,12.1,85.0,1,"6, 5, 0, 0, 3, 9, 0, 2, 0, 22, 14, 0, 0",1
632,11,12.7,86.0,1,"15, 9, 1, 0, 5, 5, 3, 13, 0, 80, 32, 3, 2",1
633,12,13.8,82.0,1,"10, 2, 1, 0, 16, 6, 5, 5, 0, 45, 18, 1, 0",1
634,13,15.199999999999998,77.0,1,"4, 0, 2, 0, 9, 5, 4, 7, 0, 37, 14, 5, 2",1
635,14,15.3,77.0,1,"5, 1, 0, 0, 6, 6, 0, 3, 0, 31, 16, 1, 2",1
636,15,14.8,88.0,1,"5, 1, 4, 0, 7, 8, 0, 5, 0, 32, 10, 0, 1",1
637,16,14.599999999999998,92.0,1,"8, 1, 5, 0, 21, 15, 2, 7, 0, 40, 10, 0, 1",1
638,17,15.3,95.0,1,"19, 7, 13, 0, 29, 10, 4, 12, 0, 91, 21, 5, 4",1
639,18,15.5,95.0,1,"13, 14, 20, 0, 67, 4, 13, 33, 3, 116, 22, 2, 3",1
640,19,15.7,94.0,1,"32, 13, 17, 0, 61, 12, 7, 22, 2, 136, 32, 2, 2",1
641,20,15.800000000000002,97.0,1,"21, 13, 16, 0, 51, 20, 9, 21, 0, 113, 24, 1, 4",1
642,21,15.8,98.0,1,"15, 13, 16, 0, 60, 8, 3, 14, 1, 75, 13, 0, 2",1
643,22,14.699999999999998,98.0,1,"15, 4, 3, 0, 52, 5, 2, 6, 2, 47, 6, 1, 0",1
644,23,14.3,100.0,1,"5, 5, 2, 0, 21, 0, 0, 8, 2, 36, 0, 0, 0",1
645,0,13.9,97.0,2,"1, 6, 1, 0, 5, 0, 0, 0, 1, 21, 3, 0, 0",1
646,1,13.6,91.0,2,"0, 0, 0, 0, 0, 3, 0, 0, 0, 17, 3, 0, 0",1
647,10,15.0,93.0,4,"3, 4, 0, 0, 0, 10, 0, 5, 0, 23, 25, 0, 0",1
648,11,14.099999999999998,81.0,4,"13, 3, 2, 0, 3, 7, 0, 13, 0, 61, 29, 3, 1",1
649,12,15.199999999999998,62.0,4,"4, 3, 1, 0, 10, 13, 1, 13, 0, 57, 16, 3, 4",0
650,13,16.5,50.0,4,"2, 1, 1, 0, 10, 11, 0, 5, 0, 40, 10, 1, 0",0
651,14,16.6,50.0,4,"3, 0, 0, 0, 15, 8, 1, 4, 0, 35, 10, 1, 2",0
652,15,16.9,53.0,4,"5, 3, 0, 0, 11, 7, 0, 3, 0, 29, 10, 0, 0",0
653,16,16.8,55.0,4,"11, 1, 4, 0, 16, 5, 1, 8, 0, 35, 7, 2, 1",0
654,17,16.3,57.0,4,"8, 7, 7, 0, 30, 9, 0, 10, 3, 64, 12, 2, 0",0
655,18,15.4,63.0,4,"22, 9, 14, 0, 65, 6, 5, 20, 1, 101, 14, 1, 2",0
656,19,13.7,70.0,4,"23, 8, 8, 0, 67, 12, 7, 22, 2, 128, 16, 2, 3",0
657,20,12.8,72.0,4,"11, 9, 5, 0, 67, 7, 10, 8, 4, 114, 12, 2, 1",0
658,21,12.3,72.0,4,"10, 9, 11, 0, 40, 11, 6, 9, 3, 71, 15, 1, 1",0
659,22,11.7,75.0,4,"8, 9, 7, 0, 45, 3, 0, 3, 4, 58, 15, 0, 1",0
660,23,11.2,76.0,4,"2, 8, 3, 0, 11, 1, 0, 4, 2, 23, 3, 0, 0",0
661,0,10.7,80.0,5,"0, 3, 1, 0, 8, 0, 0, 0, 0, 13, 1, 0, 0",0
662,1,10.5,81.0,5,"0, 2, 2, 0, 3, 0, 0, 0, 0, 7, 2, 0, 0",0
663,2,10.2,79.0,5,"0, 0, 0, 0, 0, 1, 0, 0, 0, 0, 5, 0, 0",0
664,3,10.0,80.0,5,"0, 0, 0, 0, 0, 0, 0, 0, 0, 1, 7, 0, 0",0
665,4,9.4,81.0,5,"0, 0, 0, 0, 0, 0, 0, 0, 0, 3, 3, 0, 0",0
666,8,11.7,73.0,5,"1, 0, 0, 0, 0, 0, 0, 0, 0, 0, 3, 0, 0",0
667,9,13.8,65.0,5,"0, 1, 0, 0, 1, 3, 0, 2, 0, 0, 7, 0, 0",0
668,10,15.6,54.0,5,"2, 1, 1, 0, 4, 8, 0, 4, 0, 24, 17, 1, 0",0
669,11,17.3,50.0,5,"17, 1, 4, 0, 6, 13, 3, 11, 0, 80, 24, 6, 5",0
670,12,18.7,47.0,5,"13, 0, 7, 0, 26, 19, 4, 15, 0, 105, 19, 5, 2",0
671,13,19.6,42.0,5,"21, 4, 5, 0, 20, 20, 3, 6, 0, 63, 10, 3, 1",0
672,14,20.4,39.0,5,"23, 2, 2, 0, 15, 22, 2, 6, 0, 73, 8, 1, 0",0
673,15,20.5,37.0,5,"12, 2, 2, 0, 21, 14, 1, 6, 2, 58, 16, 1, 0",0
674,16,19.6,43.0,5,"11, 2, 15, 0, 24, 22, 1, 12, 3, 77, 10, 2, 2",0
675,17,18.0,53.0,5,"14, 5, 20, 0, 49, 11, 1, 21, 9, 118, 19, 0, 2",0
676,18,16.4,65.0,5,"33, 7, 39, 0, 58, 14, 4, 25, 10, 131, 17, 3, 3",0
677,19,15.1,72.0,5,"25, 13, 20, 0, 70, 19, 3, 28, 5, 124, 14, 2, 0",0
678,20,14.1,77.0,5,"13, 9, 6, 0, 83, 12, 3, 15, 1, 111, 21, 1, 1",0
679,21,13.4,83.0,5,"14, 8, 2, 0, 52, 15, 6, 4, 3, 82, 11, 0, 1",0
680,22,13.2,80.0,5,"11, 6, 3, 0, 38, 4, 1, 5, 0, 56, 7, 0, 2",0
681,23,13.0,76.0,5,"2, 2, 1, 0, 19, 2, 0, 4, 2, 19, 3, 0, 0",0
682,0,12.7,68.0,6,"0, 0, 3, 0, 5, 3, 0, 0, 0, 10, 1, 0, 0",0
683,1,12.0,67.0,6,"0, 0, 1, 0, 5, 2, 0, 0, 1, 5, 2, 0, 0",0
684,2,11.5,64.0,6,"0, 0, 0, 0, 2, 0, 0, 0, 0, 0, 3, 0, 0",0
685,8,12.9,66.0,0,"1, 0, 0, 0, 0, 0, 0, 0, 0, 0, 4, 0, 0",1
686,11,14.2,69.0,0,"8, 9, 0, 0, 5, 8, 0, 14, 0, 55, 26, 4, 0",1
687,12,14.1,67.0,0,"7, 5, 0, 0, 11, 4, 0, 3, 0, 57, 29, 5, 3",1
688,0,22.2,68.0,5,"5, 2, 0, 0, 11, 0, 0, 0, 0, 14, 6, 0, 0",0
689,1,22.1,68.0,5,"0, 0, 0, 0, 6, 3, 0, 0, 0, 11, 3, 0, 0",0
690,2,21.7,70.0,5,"0, 0, 0, 0, 1, 0, 0, 0, 0, 8, 3, 0, 0",0
691,3,21.2,69.0,5,"0, 0, 0, 0, 0, 0, 0, 0, 0, 2, 8, 0, 0",1
692,13,19.4,96.0,6,"2, 0, 0, 0, 0, 3, 0, 0, 0, 1, 0, 0, 0",1
693,14,19.1,95.0,6,"1, 0, 0, 0, 1, 5, 0, 0, 0, 0, 2, 0, 0",1
694,15,18.5,97.0,6,"6, 3, 9, 0, 36, 17, 0, 7, 0, 68, 25, 0, 2",1
695,16,17.7,97.0,6,"16, 6, 8, 0, 42, 16, 1, 20, 3, 126, 15, 0, 2",1
696,17,17.4,98.0,6,"24, 8, 4, 0, 72, 37, 12, 28, 2, 156, 25, 2, 3",1
697,18,17.0,98.0,6,"27, 13, 14, 0, 80, 28, 12, 32, 0, 146, 67, 3, 2",1
698,19,16.5,99.0,6,"16, 6, 8, 0, 100, 25, 2, 33, 1, 121, 36, 3, 2",1
699,20,16.1,99.0,6,"16, 8, 8, 0, 91, 14, 1, 16, 0, 93, 22, 0, 3",1
700,21,15.9,98.0,6,"14, 4, 11, 0, 46, 39, 2, 13, 0, 54, 30, 0, 2",1
701,22,15.5,97.0,6,"12, 15, 5, 0, 34, 8, 1, 2, 1, 33, 31, 0, 0",1
702,23,15.199999999999998,96.0,6,"5, 7, 1, 0, 14, 2, 0, 27, 0, 12, 9, 0, 0",1
703,0,14.8,96.0,0,"0, 1, 0, 0, 6, 2, 0, 2, 0, 8, 1, 0, 1",1
704,1,14.6,95.0,0,"0, 0, 0, 0, 15, 1, 0, 9, 0, 13, 7, 0, 2",1
705,3,14.5,93.0,0,"0, 0, 0, 0, 0, 0, 0, 0, 0, 1, 2, 0, 0",1
706,4,14.4,93.0,0,"0, 0, 0, 0, 0, 0, 0, 0, 0, 1, 5, 0, 0",1
707,9,14.9,94.0,0,"0, 0, 0, 0, 0, 2, 0, 2, 0, 0, 4, 0, 0",1
708,10,15.4,92.0,0,"5, 4, 0, 0, 0, 6, 0, 2, 0, 9, 13, 0, 0",1
709,11,15.800000000000002,92.0,0,"13, 9, 3, 0, 5, 5, 0, 12, 0, 61, 20, 6, 3",1
710,12,16.0,93.0,0,"7, 7, 1, 0, 11, 6, 0, 16, 0, 54, 24, 2, 6",1
711,13,16.2,92.0,0,"2, 2, 3, 0, 24, 5, 0, 15, 0, 35, 14, 1, 2",1
712,14,15.9,93.0,0,"4, 0, 0, 0, 14, 9, 2, 3, 0, 36, 12, 2, 1",1
713,15,15.9,93.0,0,"7, 0, 0, 0, 11, 7, 2, 4, 0, 28, 17, 2, 0",1
714,16,15.9,94.0,0,"10, 0, 3, 0, 20, 8, 0, 9, 0, 35, 19, 0, 2",1
715,17,15.900000000000002,92.0,0,"8, 5, 8, 0, 32, 3, 1, 8, 0, 69, 12, 3, 0",1
716,1,14.3,96.0,1,"0, 0, 1, 0, 4, 0, 0, 1, 0, 9, 2, 0, 0",0
717,4,13.7,96.0,1,"0, 0, 0, 0, 0, 0, 0, 0, 0, 4, 1, 0, 0",0
718,7,14.3,97.0,1,"1, 0, 0, 0, 0, 0, 0, 0, 0, 0, 1, 0, 0",0
719,9,18.3,53.0,3,"0, 0, 0, 0, 0, 3, 0, 0, 0, 0, 5, 0, 0",1
720,10,19.8,51.0,3,"2, 1, 0, 0, 0, 4, 0, 5, 0, 17, 11, 0, 0",1
721,11,21.1,54.0,3,"4, 5, 1, 0, 2, 5, 1, 9, 0, 53, 20, 3, 1",1
722,12,22.300000000000004,49.0,3,"9, 4, 3, 0, 16, 6, 4, 6, 0, 39, 18, 0, 2",1
723,14,22.7,45.0,3,"5, 2, 7, 0, 8, 12, 1, 1, 0, 27, 4, 1, 2",1
724,17,20.4,57.0,3,"2, 6, 5, 0, 35, 6, 6, 10, 0, 74, 14, 3, 4",1
725,18,19.9,56.0,3,"9, 8, 6, 0, 46, 5, 4, 14, 1, 99, 20, 2, 2",1
726,19,20.0,56.0,3,"5, 9, 10, 0, 71, 5, 6, 11, 0, 90, 19, 1, 2",1
727,20,19.1,63.0,3,"4, 3, 3, 0, 49, 10, 8, 15, 0, 62, 16, 1, 2",1
728,21,17.3,74.0,3,"4, 4, 4, 0, 61, 7, 3, 8, 0, 60, 9, 0, 1",1
729,22,16.9,77.0,3,"2, 2, 3, 0, 37, 4, 0, 9, 1, 54, 8, 0, 1",1
730,23,16.1,83.0,3,"0, 4, 7, 0, 10, 2, 0, 2, 0, 19, 6, 0, 0",1
731,0,15.6,89.0,4,"0, 3, 1, 0, 8, 0, 0, 0, 0, 19, 4, 0, 0",1
732,1,15.2,90.0,4,"0, 1, 0, 0, 4, 0, 0, 0, 1, 7, 1, 0, 0",1
733,2,14.800000000000002,93.0,4,"0, 0, 0, 0, 2, 0, 0, 0, 0, 6, 5, 0, 0",1
734,3,14.7,93.0,4,"0, 0, 0, 0, 0, 0, 0, 0, 0, 8, 6, 0, 0",1
735,4,14.7,93.0,4,"0, 0, 0, 0, 0, 0, 0, 0, 0, 4, 4, 0, 0",1
736,9,14.9,90.0,4,"1, 0, 0, 0, 0, 5, 0, 2, 0, 0, 9, 0, 0",1
737,10,15.300000000000002,89.0,4,"3, 2, 0, 0, 2, 9, 0, 4, 0, 15, 20, 0, 0",1
738,11,15.7,89.0,4,"11, 6, 3, 0, 3, 4, 0, 12, 0, 70, 30, 1, 0",1
739,12,16.3,88.0,4,"8, 4, 3, 0, 15, 9, 0, 14, 0, 48, 13, 1, 1",1
740,13,16.9,83.0,4,"7, 2, 0, 0, 6, 9, 1, 8, 0, 30, 10, 1, 0",1
741,14,17.7,80.0,4,"0, 1, 3, 0, 15, 8, 1, 7, 0, 15, 10, 1, 0",1
742,15,16.9,87.0,4,"8, 0, 2, 0, 13, 9, 1, 5, 0, 31, 8, 0, 0",1
743,16,17.2,88.0,4,"8, 3, 1, 0, 25, 8, 0, 7, 0, 44, 11, 1, 1",1
744,0,16.0,84.0,5,"0, 6, 0, 0, 18, 0, 0, 1, 1, 30, 17, 0, 0",1
745,1,15.9,85.0,5,"0, 4, 1, 0, 43, 2, 0, 0, 0, 76, 27, 0, 0",1
746,2,15.5,87.0,5,"0, 3, 12, 0, 28, 1, 0, 1, 0, 96, 6, 0, 0",1
747,3,14.9,89.0,5,"0, 0, 4, 0, 23, 0, 0, 3, 0, 106, 14, 0, 0",1
748,4,14.5,90.0,5,"0, 0, 1, 0, 22, 0, 0, 1, 0, 96, 3, 0, 0",0
749,5,14.0,91.0,5,"0, 0, 0, 0, 46, 0, 0, 2, 0, 30, 2, 0, 0",0
750,7,14.1,92.0,5,"1, 0, 0, 0, 0, 0, 0, 0, 0, 0, 4, 0, 0",0
751,3,15.300000000000002,82.0,6,"0, 0, 0, 0, 0, 0, 0, 0, 0, 1, 17, 0, 0",0
752,16,24.1,30.0,0,"7, 7, 1, 0, 15, 4, 1, 2, 0, 26, 10, 0, 1",0
753,17,23.4,33.0,0,"11, 2, 3, 0, 23, 1, 0, 13, 1, 57, 8, 3, 1",0
754,18,21.8,41.0,0,"9, 9, 12, 0, 57, 6, 0, 19, 3, 98, 21, 2, 1",0
755,19,20.5,47.0,0,"14, 5, 10, 0, 57, 8, 1, 14, 3, 102, 17, 2, 4",0
756,20,19.4,52.0,0,"6, 5, 5, 0, 53, 10, 0, 12, 0, 74, 14, 2, 4",0
757,21,18.4,59.0,0,"4, 1, 3, 0, 23, 5, 1, 7, 0, 40, 16, 0, 0",0
758,22,17.7,62.0,0,"5, 7, 5, 0, 34, 2, 0, 6, 0, 33, 5, 0, 0",0
759,23,17.1,66.0,0,"10, 4, 3, 0, 11, 3, 0, 5, 0, 17, 2, 0, 0",0
760,0,16.4,72.0,1,"0, 1, 0, 0, 7, 1, 0, 0, 0, 6, 1, 0, 0",0
761,1,15.6,76.0,1,"0, 0, 1, 0, 4, 0, 0, 0, 0, 7, 0, 0, 0",0
762,2,15.199999999999998,76.0,1,"0, 0, 0, 0, 3, 0, 0, 0, 0, 5, 2, 0, 0",0
763,3,14.9,77.0,1,"0, 0, 0, 0, 1, 0, 0, 1, 0, 3, 4, 0, 0",0
764,4,15.0,76.0,1,"0, 0, 0, 0, 0, 0, 0, 1, 0, 4, 0, 0, 0",0
765,6,14.5,92.0,1,"0, 0, 0, 0, 0, 0, 0, 1, 0, 0, 3, 0, 0",1
766,7,13.0,90.0,1,"0, 0, 0, 0, 0, 0, 0, 1, 0, 0, 1, 0, 0",1
767,9,11.9,94.0,1,"0, 3, 0, 0, 0, 4, 0, 0, 0, 0, 8, 0, 0",1
768,10,13.4,87.0,1,"4, 5, 0, 0, 3, 10, 0, 3, 0, 12, 17, 0, 0",1
769,18,20.699999999999996,51.0,2,"17, 10, 15, 0, 65, 15, 10, 14, 1, 98, 32, 3, 2",1
770,19,20.6,52.0,2,"5, 8, 7, 0, 70, 15, 10, 22, 0, 92, 22, 2, 2",1
771,7,15.3,84.0,3,"0, 0, 0, 0, 0, 0, 0, 2, 0, 0, 4, 0, 0",1
772,8,14.7,93.0,3,"0, 0, 0, 0, 0, 0, 0, 2, 0, 0, 1, 0, 0",1
773,9,14.5,96.0,3,"0, 1, 0, 0, 0, 6, 0, 2, 0, 0, 3, 0, 0",1
774,10,15.0,96.0,3,"3, 1, 0, 0, 0, 10, 0, 6, 0, 18, 14, 0, 0",1
775,11,15.300000000000002,97.0,3,"7, 10, 1, 0, 2, 13, 2, 12, 0, 62, 28, 7, 0",1
776,12,15.5,97.0,3,"3, 4, 3, 0, 13, 10, 3, 7, 0, 44, 21, 0, 0",1
777,13,15.6,91.0,3,"3, 0, 1, 0, 11, 8, 3, 6, 0, 35, 12, 1, 1",1
778,14,15.9,91.0,3,"2, 0, 1, 0, 5, 14, 0, 6, 0, 24, 11, 1, 1",0
779,15,16.8,89.0,3,"2, 1, 1, 0, 6, 6, 0, 2, 0, 31, 9, 1, 1",0
780,21,15.1,82.0,3,"1, 5, 7, 0, 43, 18, 7, 11, 3, 64, 11, 0, 1",0
781,22,14.3,83.0,3,"2, 5, 2, 0, 35, 6, 0, 5, 1, 42, 9, 0, 0",0
782,23,14.0,86.0,3,"0, 1, 4, 0, 23, 3, 0, 2, 0, 16, 4, 0, 0",0
783,0,13.9,88.0,4,"0, 1, 0, 0, 8, 2, 0, 0, 0, 6, 5, 0, 0",0
784,1,13.2,91.0,4,"0, 1, 1, 0, 1, 0, 0, 0, 0, 5, 3, 0, 0",0
785,2,13.0,93.0,4,"0, 0, 0, 0, 2, 0, 0, 2, 0, 3, 3, 0, 0",0
786,3,13.199999999999998,93.0,4,"0, 0, 0, 0, 1, 0, 0, 0, 0, 3, 2, 0, 0",1
787,4,13.5,94.0,4,"0, 0, 0, 0, 0, 0, 0, 1, 0, 0, 2, 0, 0",1
788,6,13.1,98.0,4,"0, 0, 0, 0, 0, 0, 0, 1, 0, 0, 2, 0, 0",1
789,8,12.7,98.0,4,"1, 0, 0, 0, 0, 0, 0, 0, 0, 0, 2, 0, 0",1
790,9,12.5,96.0,4,"0, 1, 0, 0, 0, 3, 0, 1, 0, 0, 5, 0, 0",1
791,10,12.6,96.0,4,"1, 5, 0, 0, 1, 11, 0, 0, 0, 25, 14, 0, 0",1
792,11,12.8,94.0,4,"10, 8, 2, 0, 2, 7, 2, 12, 0, 66, 32, 6, 1",1
793,12,18.4,66.0,5,"20, 1, 5, 0, 31, 18, 6, 19, 0, 78, 21, 4, 2",1
794,13,18.3,63.0,5,"17, 0, 3, 0, 21, 18, 3, 19, 0, 61, 12, 2, 1",1
795,14,17.6,62.0,5,"11, 0, 2, 0, 23, 20, 4, 8, 0, 57, 16, 1, 1",1
796,15,16.7,70.0,5,"13, 3, 1, 0, 24, 15, 3, 3, 0, 60, 11, 1, 1",1
797,16,16.0,76.0,5,"22, 7, 3, 0, 35, 19, 0, 10, 0, 62, 13, 5, 1",1
798,17,15.8,76.0,5,"23, 9, 10, 0, 59, 26, 6, 22, 3, 131, 20, 0, 1",1
799,18,15.3,83.0,5,"27, 10, 9, 0, 67, 25, 0, 23, 2, 128, 15, 5, 3",1
800,19,14.8,82.0,5,"25, 8, 4, 0, 73, 37, 1, 16, 3, 124, 11, 2, 1",1
801,20,14.599999999999998,81.0,5,"16, 15, 3, 0, 74, 41, 0, 9, 3, 92, 16, 1, 1",1
802,4,11.2,95.0,6,"0, 0, 0, 0, 0, 0, 0, 4, 0, 0, 5, 0, 0",0
803,5,10.9,96.0,6,"0, 0, 0, 0, 0, 0, 0, 2, 0, 0, 2, 0, 0",0
804,20,19.0,84.0,6,"8, 12, 5, 0, 75, 37, 0, 15, 0, 94, 20, 0, 0",1
805,21,18.7,85.0,6,"10, 6, 5, 0, 40, 31, 2, 8, 0, 74, 11, 0, 3",1
806,22,18.7,86.0,6,"10, 10, 2, 0, 27, 29, 0, 9, 1, 47, 11, 0, 1",1
807,23,17.8,95.0,6,"0, 2, 1, 0, 27, 2, 0, 8, 0, 15, 0, 0, 0",1
808,0,17.5,96.0,0,"0, 5, 1, 0, 14, 0, 0, 0, 0, 13, 8, 0, 0",1
809,1,17.5,97.0,0,"0, 1, 0, 0, 6, 0, 0, 0, 0, 4, 3, 0, 0",1
810,2,17.2,95.0,0,"0, 0, 0, 0, 2, 0, 0, 0, 0, 4, 5, 0, 0",1
811,8,17.3,93.0,0,"2, 0, 0, 0, 0, 0, 0, 0, 0, 0, 2, 0, 0",0
812,5,19.0,87.0,1,"0, 0, 0, 0, 0, 0, 0, 3, 0, 0, 4, 0, 0",1
813,7,16.8,76.0,1,"0, 0, 0, 0, 0, 0, 0, 4, 0, 0, 3, 0, 0",1
814,8,16.1,90.0,1,"1, 0, 0, 0, 0, 0, 0, 0, 0, 0, 4, 0, 0",1
815,9,16.7,86.0,1,"1, 2, 0, 0, 0, 7, 0, 2, 0, 0, 3, 0, 0",1
816,16,22.5,66.0,1,"7, 3, 2, 0, 18, 14, 2, 5, 0, 34, 12, 0, 0",1
817,17,22.899999999999995,61.0,1,"10, 3, 3, 0, 24, 11, 0, 16, 0, 58, 15, 1, 0",1
818,23,19.8,82.0,1,"0, 5, 1, 0, 13, 2, 0, 5, 0, 17, 1, 0, 0",0
819,0,19.2,81.0,2,"0, 1, 0, 0, 3, 0, 0, 4, 0, 15, 1, 0, 0",0
820,1,18.7,83.0,2,"0, 0, 0, 0, 0, 0, 0, 0, 1, 10, 0, 0, 0",0
821,2,18.1,85.0,2,"0, 0, 1, 0, 5, 1, 0, 0, 0, 8, 0, 0, 0",0
822,3,17.6,89.0,2,"0, 0, 0, 0, 0, 0, 0, 0, 0, 3, 2, 0, 0",0
823,4,17.0,90.0,2,"0, 0, 0, 0, 0, 0, 0, 0, 0, 2, 2, 0, 0",0
824,7,17.9,90.0,2,"0, 0, 0, 0, 0, 0, 0, 3, 0, 0, 2, 0, 0",0
825,8,20.1,81.0,2,"2, 0, 0, 0, 0, 0, 0, 3, 0, 0, 4, 0, 0",0
826,11,22.5,61.0,3,"6, 3, 2, 0, 7, 11, 0, 10, 0, 65, 25, 5, 1",1
827,12,22.6,62.0,3,"6, 4, 2, 0, 15, 24, 2, 10, 0, 44, 15, 4, 2",1
828,13,21.3,75.0,3,"2, 1, 0, 0, 8, 23, 1, 8, 0, 38, 13, 0, 1",1
829,14,20.1,84.0,3,"3, 1, 1, 0, 10, 16, 1, 7, 0, 43, 10, 2, 2",1
830,15,19.7,87.0,3,"3, 0, 2, 0, 15, 17, 0, 3, 1, 32, 12, 2, 0",1
831,16,18.8,94.0,3,"10, 0, 5, 0, 20, 12, 3, 3, 0, 54, 15, 0, 1",1
832,17,18.7,93.0,3,"9, 6, 4, 0, 40, 8, 3, 10, 0, 90, 16, 1, 0",1
833,18,18.6,94.0,3,"12, 10, 25, 0, 62, 20, 3, 21, 2, 126, 21, 4, 2",1
834,19,18.6,95.0,3,"13, 12, 11, 0, 60, 20, 2, 24, 0, 154, 16, 3, 3",1
835,20,18.4,95.0,3,"9, 14, 5, 0, 63, 21, 2, 10, 1, 99, 16, 2, 2",1
836,21,15.5,80.0,3,"3, 5, 6, 0, 33, 26, 5, 11, 0, 67, 7, 0, 0",1
837,22,14.9,85.0,3,"4, 7, 3, 0, 33, 19, 0, 6, 0, 52, 6, 0, 2",1
838,23,14.9,84.0,3,"1, 3, 1, 0, 24, 2, 0, 3, 0, 15, 0, 0, 0",1
839,0,14.699999999999998,91.0,4,"0, 2, 1, 0, 6, 0, 0, 2, 0, 6, 1, 0, 0",1
840,22,20.4,77.0,5,"13, 11, 10, 0, 31, 32, 1, 8, 1, 54, 11, 0, 0",0
841,23,19.7,79.0,5,"1, 9, 2, 0, 21, 1, 0, 3, 2, 18, 2, 0, 0",0
842,0,19.1,86.0,6,"0, 9, 1, 0, 15, 0, 0, 3, 1, 21, 0, 0, 0",0
843,1,18.7,85.0,6,"0, 3, 0, 0, 12, 0, 0, 0, 1, 15, 2, 0, 0",0
844,2,18.6,88.0,6,"0, 2, 0, 0, 1, 1, 0, 1, 0, 2, 4, 0, 0",0
845,3,18.9,87.0,6,"0, 0, 0, 0, 0, 0, 0, 0, 0, 2, 5, 0, 0",0
846,4,19.0,84.0,6,"0, 0, 0, 0, 0, 0, 0, 2, 0, 1, 3, 0, 0",0
847,5,19.0,85.0,6,"0, 0, 0, 0, 0, 0, 0, 2, 0, 0, 2, 0, 0",0
848,6,19.1,82.0,6,"0, 0, 0, 0, 0, 0, 0, 4, 0, 0, 2, 0, 0",0
849,8,20.1,80.0,6,"1, 0, 0, 0, 0, 0, 0, 6, 0, 0, 1, 0, 0",0
850,9,21.1,74.0,6,"0, 0, 0, 0, 0, 1, 0, 2, 0, 1, 13, 0, 0",0
851,10,21.9,71.0,6,"2, 0, 0, 0, 0, 19, 0, 2, 0, 21, 18, 1, 0",0
852,11,23.3,68.0,6,"16, 0, 0, 0, 6, 23, 1, 9, 0, 75, 26, 1, 3",0
853,9,21.0,73.0,0,"0, 0, 0, 0, 0, 5, 0, 2, 0, 0, 3, 0, 0",1
854,10,21.1,70.0,0,"1, 4, 0, 0, 0, 5, 0, 1, 0, 16, 8, 0, 0",1
855,11,21.6,68.0,0,"6, 5, 0, 0, 2, 6, 0, 19, 0, 53, 19, 1, 0",1
856,13,21.4,65.0,0,"5, 0, 0, 0, 6, 14, 1, 14, 0, 44, 14, 3, 0",1
857,14,21.300000000000004,68.0,0,"1, 2, 2, 0, 6, 12, 1, 4, 0, 30, 8, 1, 1",1
858,15,22.1,64.0,0,"3, 1, 1, 0, 4, 12, 0, 3, 0, 26, 11, 0, 1",1
859,16,22.8,63.0,0,"3, 5, 3, 0, 11, 11, 1, 7, 0, 33, 3, 0, 1",1
860,5,19.0,85.0,1,"0, 0, 0, 0, 0, 0, 0, 3, 0, 0, 3, 0, 0",1
861,6,18.8,84.0,1,"0, 0, 0, 0, 0, 0, 0, 1, 0, 0, 2, 0, 0",1
862,18,26.7,62.0,3,"18, 11, 12, 0, 50, 16, 4, 17, 1, 143, 21, 1, 3",1
863,19,25.1,73.0,3,"33, 18, 19, 0, 67, 16, 6, 26, 1, 133, 20, 7, 1",1
864,20,24.0,79.0,3,"7, 5, 5, 0, 42, 28, 3, 12, 0, 80, 17, 2, 3",1
865,21,23.7,82.0,3,"7, 7, 12, 0, 32, 21, 0, 3, 0, 67, 14, 0, 1",1
866,22,23.100000000000005,69.0,3,"6, 9, 2, 0, 17, 18, 0, 4, 1, 37, 7, 0, 3",1
867,23,22.2,80.0,3,"0, 10, 2, 0, 19, 3, 0, 5, 0, 24, 3, 0, 0",1
868,0,20.5,90.0,4,"0, 5, 0, 0, 6, 1, 0, 1, 0, 12, 3, 0, 0",1
869,1,20.0,92.0,4,"0, 1, 2, 0, 5, 0, 0, 2, 1, 12, 1, 0, 0",1
870,2,20.3,88.0,4,"0, 3, 0, 0, 4, 0, 0, 3, 0, 11, 1, 0, 0",1
871,3,20.1,95.0,4,"0, 0, 0, 0, 0, 0, 0, 2, 0, 8, 1, 0, 0",1
872,4,20.2,96.0,4,"0, 0, 0, 0, 0, 0, 0, 3, 0, 6, 2, 0, 0",1
873,23,20.3,91.0,4,"1, 9, 2, 0, 29, 4, 0, 5, 0, 22, 2, 0, 0",0
874,0,20.0,90.0,5,"0, 11, 1, 0, 11, 2, 0, 1, 0, 21, 3, 0, 0",0
875,1,19.6,91.0,5,"0, 1, 1, 0, 6, 0, 0, 3, 0, 13, 4, 0, 0",0
876,2,19.2,93.0,5,"0, 2, 0, 0, 5, 0, 0, 1, 0, 4, 1, 0, 0",0
877,3,18.9,95.0,5,"0, 0, 0, 0, 0, 0, 0, 1, 0, 5, 3, 0, 0",0
878,4,18.5,94.0,5,"0, 0, 0, 0, 0, 0, 0, 3, 0, 1, 4, 0, 0",0
879,5,18.2,94.0,5,"0, 0, 0, 0, 0, 0, 0, 2, 0, 0, 3, 0, 0",0
880,6,18.6,96.0,5,"0, 0, 0, 0, 0, 0, 0, 3, 0, 0, 2, 0, 0",0
881,7,18.8,94.0,5,"1, 0, 0, 0, 0, 0, 0, 2, 0, 0, 1, 0, 0",0
882,8,19.5,92.0,5,"1, 0, 0, 0, 0, 0, 0, 4, 0, 0, 0, 0, 0",0
883,7,19.5,87.0,0,"1, 0, 0, 0, 0, 0, 0, 0, 0, 0, 1, 0, 0",0
884,16,29.600000000000005,57.0,0,"4, 3, 2, 0, 9, 14, 0, 3, 0, 29, 14, 1, 0",0
885,17,29.4,59.0,0,"18, 5, 4, 0, 25, 14, 1, 18, 0, 54, 12, 1, 1",0
886,18,28.5,58.0,0,"17, 10, 10, 0, 52, 15, 0, 21, 1, 93, 21, 5, 2",0
887,3,22.5,75.0,1,"0, 0, 0, 0, 0, 0, 0, 3, 0, 1, 3, 0, 0",1
888,4,21.9,81.0,1,"0, 0, 0, 0, 0, 0, 0, 2, 0, 0, 0, 0, 0",1
889,5,21.7,83.0,1,"0, 0, 0, 0, 0, 0, 0, 3, 0, 0, 1, 0, 0",1
890,8,21.9,87.0,1,"0, 0, 0, 0, 0, 0, 0, 1, 0, 0, 1, 0, 0",1
891,9,22.0,89.0,1,"0, 0, 0, 0, 0, 4, 0, 1, 0, 0, 8, 0, 0",1
892,10,22.0,91.0,1,"3, 3, 0, 0, 3, 10, 0, 6, 0, 27, 13, 0, 0",1
893,11,21.8,91.0,1,"13, 6, 0, 0, 3, 13, 5, 25, 0, 93, 34, 4, 1",1
894,12,21.5,87.0,1,"7, 6, 0, 0, 9, 13, 4, 14, 0, 52, 17, 5, 3",1
895,13,22.0,85.0,1,"7, 3, 0, 0, 7, 11, 3, 5, 0, 44, 15, 2, 0",1
896,14,22.5,83.0,1,"2, 2, 1, 0, 10, 15, 0, 2, 0, 30, 15, 1, 0",1
897,16,24.0,67.0,3,"8, 2, 3, 0, 22, 12, 1, 10, 0, 45, 12, 1, 1",1
898,17,23.399999999999995,71.0,3,"10, 5, 4, 0, 37, 18, 1, 13, 0, 83, 21, 1, 1",1
899,18,23.0,72.0,3,"23, 9, 6, 0, 62, 14, 4, 20, 0, 128, 13, 4, 0",1
900,22,21.5,84.0,3,"7, 4, 2, 0, 37, 18, 0, 3, 0, 39, 14, 0, 0",1
901,23,21.2,85.0,3,"3, 5, 0, 0, 20, 1, 0, 0, 0, 17, 4, 1, 0",1
902,0,21.0,85.0,4,"0, 2, 1, 0, 8, 0, 0, 6, 0, 14, 1, 0, 0",1
903,1,20.6,87.0,4,"0, 3, 2, 0, 6, 0, 0, 1, 0, 7, 4, 0, 0",0
904,2,20.3,87.0,4,"0, 0, 0, 0, 4, 2, 0, 1, 0, 6, 0, 0, 0",1
905,3,19.8,91.0,4,"0, 0, 0, 0, 0, 0, 0, 1, 0, 12, 4, 0, 0",1
906,4,19.6,92.0,4,"0, 0, 0, 0, 0, 0, 0, 0, 0, 2, 2, 0, 0",1
907,6,19.1,98.0,4,"0, 0, 0, 0, 0, 0, 0, 3, 0, 0, 3, 0, 0",1
908,8,19.1,97.0,4,"0, 0, 0, 0, 0, 0, 0, 3, 0, 0, 1, 0, 0",1
909,9,19.4,98.0,4,"0, 2, 0, 0, 0, 1, 0, 0, 0, 0, 4, 0, 0",1
910,10,19.7,97.0,4,"5, 1, 0, 0, 4, 11, 0, 3, 0, 30, 11, 0, 0",1
911,11,20.0,98.0,4,"13, 6, 1, 0, 4, 17, 0, 17, 0, 67, 24, 4, 2",1
912,12,20.300000000000004,96.0,4,"4, 2, 1, 0, 12, 7, 4, 6, 0, 66, 21, 1, 3",1
913,13,20.0,95.0,4,"6, 1, 2, 0, 9, 18, 3, 5, 0, 44, 13, 2, 1",1
914,14,20.4,94.0,4,"5, 0, 0, 0, 11, 18, 1, 4, 0, 41, 13, 0, 0",0
915,15,20.7,91.0,4,"4, 2, 2, 0, 14, 16, 0, 1, 0, 41, 8, 2, 0",0
916,23,19.7,89.0,4,"5, 4, 2, 0, 27, 1, 0, 4, 0, 35, 3, 0, 0",0
917,0,19.2,92.0,5,"1, 7, 0, 0, 6, 1, 0, 1, 1, 13, 1, 0, 0",1
918,1,19.2,91.0,5,"0, 4, 0, 0, 8, 1, 0, 0, 0, 12, 1, 0, 0",0
919,2,19.2,91.0,5,"0, 2, 0, 0, 4, 0, 0, 2, 0, 5, 6, 0, 0",0
920,3,19.1,90.0,5,"0, 0, 0, 0, 0, 0, 0, 0, 0, 4, 2, 0, 0",0
921,4,18.5,91.0,5,"0, 0, 0, 0, 0, 0, 0, 0, 0, 3, 2, 0, 0",0
922,5,17.7,92.0,5,"0, 0, 0, 0, 0, 0, 0, 1, 0, 0, 1, 0, 0",0
923,6,17.5,93.0,5,"0, 0, 0, 0, 0, 0, 0, 2, 0, 0, 1, 0, 0",0
924,8,19.3,91.0,5,"0, 0, 0, 0, 0, 0, 0, 2, 0, 0, 2, 0, 0",0
925,9,20.3,86.0,5,"1, 0, 0, 0, 0, 2, 0, 1, 0, 0, 10, 0, 0",0
926,10,22.2,71.0,5,"7, 0, 1, 0, 3, 15, 0, 4, 0, 26, 12, 0, 0",0
927,1,19.8,81.0,6,"0, 4, 0, 0, 6, 1, 0, 0, 0, 12, 3, 0, 0",0
928,2,19.3,85.0,6,"0, 3, 2, 0, 5, 1, 0, 2, 1, 2, 3, 0, 0",0
929,3,18.8,87.0,6,"0, 0, 0, 0, 0, 0, 0, 1, 0, 0, 3, 0, 0",0
930,4,18.2,87.0,6,"0, 0, 0, 0, 0, 0, 0, 2, 0, 0, 4, 0, 0",0
931,5,17.7,86.0,6,"0, 0, 0, 0, 0, 0, 0, 2, 0, 0, 2, 0, 0",0
932,8,21.1,79.0,6,"0, 0, 0, 0, 0, 0, 0, 5, 0, 0, 1, 0, 0",0
933,19,23.9,75.0,6,"23, 8, 9, 0, 76, 32, 4, 23, 0, 115, 25, 3, 3",0
934,20,23.1,77.0,6,"8, 5, 6, 0, 62, 35, 0, 18, 0, 94, 14, 0, 0",0
935,21,22.3,80.0,6,"9, 6, 3, 0, 44, 20, 3, 6, 0, 64, 14, 0, 0",0
936,22,21.600000000000005,81.0,6,"10, 6, 6, 0, 28, 16, 0, 6, 0, 33, 4, 2, 1",0
937,23,21.2,83.0,6,"2, 2, 0, 0, 21, 3, 0, 4, 1, 15, 0, 0, 0",0
938,0,20.9,83.0,0,"0, 4, 0, 0, 7, 0, 0, 1, 1, 12, 3, 0, 0",0
939,1,20.7,87.0,0,"0, 0, 0, 0, 8, 2, 0, 0, 0, 11, 1, 0, 0",0
940,2,20.3,88.0,0,"0, 0, 0, 0, 1, 1, 0, 0, 0, 2, 4, 0, 0",0
941,3,20.0,88.0,0,"0, 0, 0, 0, 0, 0, 0, 0, 0, 1, 3, 0, 0",0
942,8,20.8,83.0,0,"0, 0, 0, 0, 0, 0, 0, 0, 0, 0, 1, 0, 0",0
943,9,22.2,76.0,0,"0, 0, 0, 0, 0, 2, 0, 0, 0, 0, 2, 0, 0",0
944,3,20.9,74.0,1,"0, 0, 0, 0, 0, 0, 0, 2, 0, 5, 5, 0, 0",1
945,4,20.5,76.0,1,"0, 0, 0, 0, 0, 0, 0, 2, 0, 2, 6, 0, 0",1
946,15,23.2,66.0,1,"7, 2, 2, 0, 9, 9, 0, 4, 0, 60, 12, 0, 4",1
947,19,24.1,58.0,1,"18, 8, 9, 0, 47, 13, 6, 23, 1, 111, 13, 2, 3",1
948,21,22.1,73.0,1,"1, 5, 2, 0, 34, 23, 4, 9, 1, 57, 10, 0, 1",1
949,16,22.7,72.0,2,"7, 4, 2, 0, 12, 10, 0, 10, 0, 47, 13, 2, 2",1
950,17,22.600000000000005,73.0,2,"11, 1, 9, 0, 33, 10, 0, 11, 1, 71, 13, 1, 1",1
951,3,20.1,80.0,4,"0, 0, 0, 0, 0, 0, 0, 1, 0, 4, 3, 0, 0",0
952,4,20.0,84.0,4,"0, 0, 0, 0, 0, 0, 0, 1, 0, 0, 4, 0, 0",0
953,5,19.8,85.0,4,"0, 0, 0, 0, 0, 0, 0, 6, 0, 0, 4, 0, 0",0
954,8,22.0,79.0,4,"0, 0, 0, 0, 0, 0, 0, 4, 0, 0, 0, 0, 0",0
955,9,24.0,69.0,4,"0, 1, 0, 0, 0, 4, 0, 1, 0, 0, 3, 0, 0",0
956,2,22.2,82.0,5,"0, 3, 0, 0, 3, 0, 0, 1, 0, 10, 6, 0, 0",1
957,3,22.1,85.0,5,"0, 1, 0, 0, 0, 0, 0, 1, 0, 2, 3, 0, 0",1
958,4,21.5,90.0,5,"0, 0, 0, 0, 0, 0, 0, 3, 0, 0, 5, 0, 0",1
959,6,20.0,87.0,5,"0, 0, 0, 0, 0, 0, 0, 1, 0, 0, 4, 0, 0",1
960,7,19.9,88.0,5,"0, 0, 0, 0, 0, 0, 0, 3, 0, 0, 1, 0, 0",1
961,8,20.4,91.0,5,"0, 0, 0, 0, 0, 0, 0, 6, 0, 0, 1, 0, 0",1
962,9,21.2,88.0,5,"1, 0, 0, 0, 0, 1, 0, 2, 0, 0, 8, 0, 0",1
963,10,21.9,84.0,5,"6, 1, 0, 0, 0, 15, 0, 8, 0, 38, 26, 0, 1",1
964,11,22.6,81.0,5,"18, 2, 0, 0, 5, 12, 2, 6, 0, 75, 26, 4, 2",1
965,12,23.199999999999996,79.0,5,"14, 1, 4, 0, 18, 17, 4, 14, 0, 88, 24, 3, 4",1
966,13,23.800000000000004,76.0,5,"24, 1, 2, 0, 17, 23, 4, 9, 0, 67, 22, 5, 1",1
967,14,24.9,70.0,5,"12, 1, 2, 0, 15, 29, 7, 15, 1, 56, 17, 1, 3",1
968,19,22.3,86.0,6,"24, 3, 19, 0, 76, 32, 1, 17, 0, 116, 17, 3, 3",1
969,20,22.2,88.0,6,"14, 12, 3, 0, 50, 49, 3, 14, 2, 100, 11, 1, 4",1
970,21,22.399999999999995,85.0,6,"14, 3, 3, 0, 48, 47, 5, 11, 1, 62, 7, 0, 2",1
971,22,22.2,90.0,6,"5, 4, 3, 0, 36, 24, 0, 3, 0, 31, 8, 0, 4",1
972,16,26.0,66.0,0,"4, 5, 4, 0, 15, 10, 0, 6, 0, 39, 14, 0, 2",1
973,17,25.3,75.0,0,"15, 4, 6, 0, 36, 14, 0, 8, 0, 70, 16, 1, 2",1
974,19,25.0,78.0,0,"11, 5, 7, 0, 50, 12, 1, 17, 2, 105, 17, 4, 2",1
975,14,25.7,70.0,1,"9, 1, 1, 0, 6, 14, 2, 4, 0, 31, 6, 0, 1",1
976,17,24.100000000000005,84.0,1,"15, 1, 6, 0, 35, 7, 1, 8, 0, 74, 12, 0, 1",1
977,18,24.0,83.0,1,"17, 8, 9, 0, 56, 10, 7, 22, 0, 112, 16, 1, 5",1
978,19,24.2,83.0,1,"12, 11, 4, 0, 72, 11, 6, 31, 2, 115, 14, 2, 4",0
979,20,23.600000000000005,81.0,1,"9, 9, 5, 0, 60, 12, 11, 11, 0, 78, 11, 2, 1",0
980,0,22.0,87.0,2,"0, 2, 0, 0, 5, 1, 0, 0, 0, 9, 2, 0, 0",0
981,1,21.8,88.0,2,"0, 5, 1, 0, 6, 1, 0, 1, 0, 10, 3, 0, 0",0
982,2,21.399999999999995,90.0,2,"0, 3, 0, 0, 4, 0, 0, 1, 0, 3, 1, 0, 0",0
983,3,21.3,91.0,2,"0, 0, 0, 0, 0, 0, 0, 2, 0, 1, 2, 0, 0",0
984,4,21.1,92.0,2,"0, 0, 0, 0, 0, 0, 0, 1, 0, 0, 6, 0, 0",0
985,6,21.1,93.0,2,"0, 0, 0, 0, 0, 0, 0, 2, 0, 0, 1, 0, 0",0
986,7,21.6,93.0,2,"0, 0, 0, 0, 0, 0, 0, 4, 0, 0, 3, 0, 0",0
987,9,23.0,87.0,2,"1, 0, 0, 0, 0, 5, 0, 3, 0, 0, 2, 0, 0",0
988,10,24.2,81.0,2,"5, 7, 0, 0, 1, 9, 0, 2, 0, 27, 8, 1, 0",0
989,11,25.5,75.0,2,"20, 5, 0, 0, 11, 6, 0, 14, 0, 107, 28, 5, 4",0
990,12,24.7,71.0,2,"15, 3, 1, 0, 17, 16, 3, 11, 0, 76, 14, 2, 5",1
991,13,22.7,86.0,2,"9, 1, 1, 0, 5, 13, 1, 9, 0, 48, 13, 0, 0",1
992,14,25.4,77.0,2,"6, 0, 0, 0, 10, 15, 2, 3, 0, 39, 7, 0, 0",1
993,3,22.0,88.0,3,"0, 0, 0, 0, 0, 0, 0, 0, 0, 6, 1, 0, 0",0
994,4,21.7,89.0,3,"0, 0, 0, 0, 0, 0, 0, 2, 0, 3, 5, 0, 0",0
995,5,21.5,90.0,3,"0, 0, 0, 0, 0, 0, 0, 2, 0, 0, 4, 0, 0",0
996,6,21.4,90.0,3,"0, 0, 0, 0, 0, 0, 0, 4, 0, 0, 1, 0, 0",0
997,15,25.2,70.0,5,"13, 4, 3, 0, 21, 26, 2, 7, 0, 59, 17, 0, 3",1
998,16,23.3,84.0,5,"18, 5, 8, 0, 42, 25, 1, 13, 1, 102, 12, 3, 3",1
999,17,22.3,91.0,5,"34, 16, 22, 0, 64, 28, 0, 19, 1, 170, 16, 3, 0",1
1000,18,20.9,97.0,5,"47, 20, 11, 0, 83, 26, 1, 15, 4, 167, 22, 1, 0",1
1001,19,20.5,99.0,5,"25, 7, 16, 0, 69, 22, 1, 15, 0, 149, 43, 3, 4",1
1002,20,20.2,99.0,5,"17, 10, 12, 0, 57, 23, 0, 11, 0, 103, 14, 2, 5",1
1003,21,19.8,100.0,5,"17, 14, 8, 0, 36, 21, 4, 6, 0, 66, 11, 1, 0",1
1004,22,19.7,100.0,5,"6, 8, 1, 0, 48, 32, 0, 9, 0, 48, 12, 0, 3",1
1005,23,19.6,100.0,5,"1, 8, 7, 0, 29, 3, 0, 3, 0, 34, 6, 0, 0",1
1006,0,19.8,100.0,6,"0, 8, 2, 0, 22, 0, 0, 2, 0, 22, 1, 0, 0",1
1007,1,20.1,100.0,6,"0, 6, 0, 0, 7, 2, 0, 2, 0, 9, 3, 0, 0",1
1008,2,20.2,100.0,6,"0, 5, 2, 0, 8, 1, 0, 1, 0, 5, 2, 0, 0",1
1009,3,20.4,99.0,6,"0, 0, 0, 0, 0, 0, 0, 4, 0, 0, 2, 0, 0",1
1010,4,20.6,100.0,6,"0, 0, 0, 0, 0, 0, 0, 2, 0, 0, 5, 0, 0",1
1011,5,20.8,100.0,6,"0, 0, 0, 0, 0, 0, 0, 2, 0, 0, 3, 0, 0",1
1012,8,21.7,100.0,6,"1, 0, 0, 0, 0, 0, 0, 3, 0, 0, 2, 0, 0",1
1013,9,22.0,99.0,6,"2, 1, 0, 0, 0, 1, 0, 7, 0, 0, 7, 0, 0",1
1014,10,22.1,99.0,6,"5, 0, 0, 0, 2, 14, 0, 8, 0, 19, 20, 0, 0",1
1015,11,22.3,98.0,6,"21, 0, 2, 0, 6, 17, 1, 9, 0, 87, 27, 4, 4",1
1016,12,22.5,98.0,6,"23, 2, 1, 0, 26, 14, 1, 15, 0, 110, 27, 4, 3",1
1017,13,22.7,99.0,6,"20, 0, 4, 0, 28, 28, 0, 12, 0, 104, 22, 3, 6",1
1018,14,22.7,98.0,6,"18, 0, 1, 0, 20, 28, 5, 9, 0, 69, 19, 0, 1",1
1019,15,23.1,96.0,6,"19, 1, 4, 0, 27, 23, 1, 8, 0, 78, 11, 6, 3",1
1020,16,22.5,94.0,6,"24, 6, 6, 0, 36, 25, 0, 6, 1, 105, 23, 2, 1",1
1021,17,21.5,95.0,6,"32, 3, 10, 0, 62, 26, 0, 22, 1, 119, 22, 1, 3",1
1022,18,21.1,97.0,6,"30, 7, 3, 0, 80, 37, 0, 12, 1, 134, 29, 1, 2",1
1023,19,20.9,97.0,6,"27, 11, 6, 0, 65, 28, 0, 19, 0, 105, 23, 1, 3",1
1024,2,22.100000000000005,89.0,1,"0, 0, 0, 0, 8, 0, 0, 1, 0, 3, 0, 0, 0",0
1025,3,21.8,89.0,1,"0, 0, 0, 0, 0, 0, 0, 1, 0, 3, 0, 0, 0",0
1026,4,21.4,89.0,1,"0, 0, 0, 0, 0, 0, 0, 0, 0, 1, 2, 0, 0",0
1027,6,21.1,91.0,1,"0, 0, 0, 0, 0, 0, 0, 3, 0, 0, 1, 0, 0",0
1028,7,21.5,91.0,1,"0, 0, 0, 0, 0, 0, 0, 1, 0, 0, 1, 0, 0",0
1029,16,28.9,63.0,1,"4, 2, 2, 0, 11, 13, 0, 4, 0, 45, 9, 1, 0",0
1030,17,28.100000000000005,65.0,1,"16, 12, 4, 0, 27, 16, 2, 8, 1, 69, 16, 2, 0",0
1031,4,24.0,80.0,2,"0, 0, 0, 0, 0, 0, 0, 1, 0, 0, 5, 0, 0",1
1032,6,23.9,82.0,2,"0, 0, 0, 0, 0, 0, 0, 2, 0, 0, 2, 0, 0",0
1033,7,24.3,86.0,2,"1, 0, 0, 0, 0, 0, 0, 4, 0, 0, 0, 0, 0",0
1034,8,25.2,85.0,2,"0, 0, 0, 0, 0, 0, 0, 2, 0, 0, 2, 0, 0",0
1035,9,26.0,81.0,2,"0, 2, 0, 0, 0, 2, 0, 4, 0, 1, 3, 0, 0",0
1036,21,25.9,90.0,2,"4, 2, 5, 0, 33, 23, 1, 4, 0, 63, 5, 0, 0",1
1037,22,25.5,91.0,2,"7, 4, 2, 0, 22, 10, 0, 6, 1, 36, 6, 3, 4",1
1038,23,25.5,90.0,2,"0, 2, 1, 0, 16, 1, 0, 2, 0, 29, 2, 1, 0",1
1039,0,25.1,92.0,3,"0, 1, 1, 0, 3, 0, 0, 4, 0, 8, 1, 0, 0",1
1040,1,24.5,93.0,3,"0, 0, 2, 0, 6, 1, 0, 1, 1, 6, 7, 0, 0",1
1041,2,24.3,94.0,3,"0, 0, 0, 0, 5, 3, 0, 0, 0, 6, 2, 0, 0",1
1042,3,24.3,94.0,3,"0, 0, 0, 0, 0, 0, 0, 4, 0, 2, 3, 0, 0",0
1043,4,24.2,93.0,3,"0, 0, 0, 0, 0, 0, 0, 1, 0, 2, 6, 0, 0",0
1044,5,24.0,94.0,3,"0, 0, 0, 0, 0, 0, 0, 2, 0, 0, 3, 0, 0",0
1045,6,23.9,94.0,3,"0, 0, 0, 0, 0, 0, 0, 3, 0, 0, 3, 0, 0",0
1046,7,24.1,95.0,3,"0, 0, 0, 0, 0, 0, 0, 2, 0, 0, 1, 0, 0",0
1047,8,24.3,94.0,3,"0, 0, 0, 0, 0, 0, 0, 1, 0, 0, 1, 0, 0",0
1048,9,24.9,91.0,3,"0, 3, 0, 0, 0, 5, 0, 6, 0, 0, 3, 0, 0",0
1049,10,25.4,89.0,3,"5, 2, 0, 0, 0, 9, 0, 2, 0, 27, 14, 0, 0",0
1050,11,27.4,81.0,3,"25, 8, 0, 0, 8, 14, 2, 16, 0, 80, 25, 5, 1",0
1051,14,29.1,70.0,3,"6, 1, 2, 0, 5, 17, 0, 3, 0, 34, 4, 2, 0",1
1052,15,29.8,67.0,3,"8, 2, 0, 0, 9, 18, 1, 3, 0, 39, 10, 0, 1",1
1053,10,25.2,81.0,4,"11, 1, 0, 0, 1, 6, 0, 3, 0, 21, 18, 1, 0",1
1054,12,26.3,76.0,4,"10, 5, 2, 0, 13, 10, 3, 13, 0, 85, 37, 4, 9",1
1055,5,23.8,85.0,5,"0, 0, 0, 0, 0, 0, 0, 3, 0, 0, 4, 0, 0",1
1056,6,23.4,87.0,5,"0, 0, 0, 0, 0, 0, 0, 1, 0, 0, 4, 0, 0",1
1057,7,23.2,84.0,5,"1, 0, 0, 0, 0, 0, 0, 2, 0, 0, 4, 0, 0",1
1058,8,23.7,88.0,5,"1, 0, 0, 0, 0, 0, 0, 5, 0, 0, 1, 0, 0",1
1059,10,25.1,85.0,5,"5, 1, 0, 0, 2, 14, 0, 4, 0, 26, 18, 0, 0",1
1060,11,26.300000000000004,80.0,5,"18, 3, 3, 0, 2, 17, 3, 14, 0, 97, 24, 1, 9",1
1061,12,27.800000000000004,74.0,5,"38, 2, 6, 0, 28, 21, 3, 14, 0, 138, 28, 5, 14",0
1062,0,25.5,87.0,6,"0, 7, 0, 0, 16, 1, 0, 2, 0, 20, 0, 0, 0",0
1063,1,25.4,87.0,6,"0, 2, 2, 0, 4, 0, 0, 0, 0, 9, 0, 0, 0",0
1064,2,25.1,88.0,6,"0, 5, 0, 0, 6, 0, 0, 0, 0, 3, 2, 0, 0",0
1065,6,24.5,88.0,6,"0, 0, 0, 0, 0, 0, 0, 5, 0, 0, 3, 0, 0",1
1066,7,24.1,92.0,6,"0, 0, 0, 0, 0, 0, 0, 4, 0, 0, 3, 0, 0",1
1067,8,24.3,92.0,6,"0, 0, 0, 0, 0, 0, 0, 10, 0, 0, 4, 0, 0",1
1068,9,24.6,92.0,6,"0, 0, 0, 0, 0, 6, 0, 6, 0, 0, 4, 0, 0",1
1069,10,25.0,90.0,6,"5, 0, 2, 0, 3, 15, 0, 7, 0, 17, 18, 0, 0",0
1070,11,25.399999999999995,90.0,6,"26, 1, 2, 0, 18, 30, 5, 8, 0, 94, 32, 5, 14",1
1071,12,25.899999999999995,89.0,6,"29, 0, 2, 0, 41, 34, 2, 21, 0, 121, 33, 3, 19",1
1072,13,26.399999999999995,86.0,6,"18, 0, 5, 0, 48, 34, 6, 17, 0, 115, 31, 1, 18",1
1073,4,26.399999999999995,86.0,1,"0, 0, 0, 0, 0, 0, 0, 1, 0, 3, 3, 0, 0",0
1074,5,26.3,86.0,1,"0, 0, 0, 0, 0, 0, 0, 1, 0, 0, 1, 0, 0",0
1075,2,27.8,80.0,3,"0, 1, 0, 0, 2, 0, 0, 0, 0, 6, 5, 0, 0",1
1076,17,32.2,62.0,3,"16, 7, 11, 0, 31, 16, 2, 15, 1, 90, 26, 2, 10",1
1077,19,28.0,69.0,3,"24, 16, 12, 0, 70, 31, 12, 24, 0, 145, 35, 4, 10",1
1078,20,27.5,70.0,3,"15, 12, 5, 0, 44, 25, 3, 10, 1, 82, 31, 0, 8",1
1079,19,30.4,60.0,5,"31, 19, 17, 0, 75, 51, 0, 21, 1, 152, 24, 3, 12",1
1080,14,29.399999999999995,68.0,0,"8, 0, 0, 0, 6, 21, 0, 7, 0, 38, 19, 4, 5",1
1081,15,24.100000000000005,94.0,0,"4, 2, 1, 0, 7, 24, 0, 2, 0, 43, 9, 2, 2",1
1082,16,24.3,91.0,0,"6, 6, 5, 0, 11, 17, 0, 6, 0, 70, 11, 1, 6",1
1083,17,24.4,92.0,0,"20, 15, 10, 0, 32, 9, 3, 7, 0, 91, 20, 0, 9",1
1084,18,24.800000000000004,88.0,0,"20, 19, 11, 0, 36, 26, 6, 33, 0, 130, 24, 1, 16",1
1085,20,25.800000000000004,83.0,0,"15, 17, 7, 0, 31, 31, 7, 15, 0, 90, 18, 1, 10",1
1086,21,25.399999999999995,84.0,0,"9, 14, 2, 0, 26, 27, 2, 9, 1, 60, 18, 0, 3",1
1087,14,33.0,56.0,2,"9, 0, 0, 0, 10, 19, 2, 3, 0, 45, 28, 0, 0",1
1088,15,34.5,52.0,2,"7, 1, 0, 0, 12, 24, 1, 2, 0, 37, 10, 1, 1",1
1089,16,32.5,60.0,2,"7, 2, 4, 0, 30, 17, 1, 10, 0, 64, 13, 2, 1",1
1090,17,30.2,70.0,2,"21, 5, 6, 0, 59, 21, 1, 18, 0, 80, 23, 2, 1",1
1091,2,27.9,86.0,5,"0, 1, 0, 0, 5, 0, 0, 1, 0, 7, 1, 0, 0",1
1092,3,27.2,88.0,5,"0, 0, 0, 0, 1, 0, 0, 0, 0, 2, 4, 0, 0",1
1093,4,27.1,88.0,5,"0, 0, 0, 0, 1, 0, 0, 0, 0, 0, 10, 0, 0",1
